https://www.fns-cloud.eu/foodComponents/FNS_H_0000003009,"'amino acids, total; precise definition not specified '",
https://www.fns-cloud.eu/foodComponents/FNS_H_0000003010,"'acetic acid'	'Ocetna kislina'",
https://www.fns-cloud.eu/foodComponents/FNS_H_0000003011,"'acesulfame-K'	'Kalijev acesulfam'",
https://www.fns-cloud.eu/foodComponents/FNS_H_0000003012,"'aluminium'	'Aluminij'",
https://www.fns-cloud.eu/foodComponents/FNS_H_0000003013,"'alanine'	'Alanin'",
https://www.fns-cloud.eu/foodComponents/FNS_H_0000003014,"'Albumin'	'albumin'",
https://www.fns-cloud.eu/foodComponents/FNS_H_0000003015,"'Alkohol'	'alcohol'",
https://www.fns-cloud.eu/foodComponents/FNS_H_0000003016,"'ammonia'	'Amonijak'",
https://www.fns-cloud.eu/foodComponents/FNS_H_0000003017,"'amylopectin '",
https://www.fns-cloud.eu/foodComponents/FNS_H_0000003018,"'amylose '	'Amiloza'",
https://www.fns-cloud.eu/foodComponents/FNS_H_0000003019,"'apigenin'	'Apigenin'",
https://www.fns-cloud.eu/foodComponents/FNS_H_0000003020,"'arabinose '	'Arabinoza'",
https://www.fns-cloud.eu/foodComponents/FNS_H_0000003021,"'Arginin'	'arginine'",
https://www.fns-cloud.eu/foodComponents/FNS_H_0000003022,"'arsenic'	'Arzen'",
https://www.fns-cloud.eu/foodComponents/FNS_H_0000003023,"'L-dehydroascorbic acid '",
https://www.fns-cloud.eu/foodComponents/FNS_H_0000003024,"'L-askorbinska kislina'	'L-ascorbic acid'",
https://www.fns-cloud.eu/foodComponents/FNS_H_0000003025,"'Pepel'	'ash'",
https://www.fns-cloud.eu/foodComponents/FNS_H_0000003026,"'asparagine'	'Asparagin'",
https://www.fns-cloud.eu/foodComponents/FNS_H_0000003027,"'Asparaginska kislina (asparagin)'	'aspartic acid'",
https://www.fns-cloud.eu/foodComponents/FNS_H_0000003028,"'aspartame'	'Aspartam'",
https://www.fns-cloud.eu/foodComponents/FNS_H_0000003029,"'Delta 5-avenasterol (Delta 5-avenastenol)'	'delta 5-avenasterol (delta 5-avenastenol)'",
https://www.fns-cloud.eu/foodComponents/FNS_H_0000003030,"'delta 7-avenasterol (delta 7-avenastenol)'	'Delta 7-avenasterol (Delta 7-avenastenol)'",
https://www.fns-cloud.eu/foodComponents/FNS_H_0000003031,"'avenasterol, total'	'Avenasterol'",
https://www.fns-cloud.eu/foodComponents/FNS_H_0000003032,"'Bor'	'boron'",
https://www.fns-cloud.eu/foodComponents/FNS_H_0000003033,"'benzoic acid'	'Benzojska kislina'",
https://www.fns-cloud.eu/foodComponents/FNS_H_0000003034,"'Biohanin A'	'biochanin A'",
https://www.fns-cloud.eu/foodComponents/FNS_H_0000003035,"'Vitamin B7 (biotin)'	'biotin'",
https://www.fns-cloud.eu/foodComponents/FNS_H_0000003036,"'brassicasterol'	'Brasikasterol'",
https://www.fns-cloud.eu/foodComponents/FNS_H_0000003037,"'Brom'	'bromide'",
https://www.fns-cloud.eu/foodComponents/FNS_H_0000003038,"'Kalcij, Ca'	'calcium '",
https://www.fns-cloud.eu/foodComponents/FNS_H_0000003039,"'Kadaverin'	'cadaverine'",
https://www.fns-cloud.eu/foodComponents/FNS_H_0000003040,"'Kofein'	'caffeine'",
https://www.fns-cloud.eu/foodComponents/FNS_H_0000003041,"'Delta 5-campesterol (Delta 5-campestenol)'	'delta 5-campesterol (delta 5-campestenol)'",
https://www.fns-cloud.eu/foodComponents/FNS_H_0000003042,"'Delta 7-kampesterol (Delta 7-kampestenol)'	'delta 7-campesterol (delta 7-campestenol)'",
https://www.fns-cloud.eu/foodComponents/FNS_H_0000003043,"'Skupni kampesterol'	'campesterol, total'",
https://www.fns-cloud.eu/foodComponents/FNS_H_0000003044,"'canthaxanthin'	'Kantaksantin'",
https://www.fns-cloud.eu/foodComponents/FNS_H_0000003045,"'capsaicin'	'Kapsaicin'",
https://www.fns-cloud.eu/foodComponents/FNS_H_0000003046,"'Skupni karoten (prekurzorji vitamina A)'	'carotene, total (vitamin A precursors)'",
https://www.fns-cloud.eu/foodComponents/FNS_H_0000003047,"'Skupni karotenoidi'	'carotenoids, total'",
https://www.fns-cloud.eu/foodComponents/FNS_H_0000003048,"'alpha-carotene'	'Alfa karoten'",
https://www.fns-cloud.eu/foodComponents/FNS_H_0000003049,"'beta-carotene'	'Beta karoten'",
https://www.fns-cloud.eu/foodComponents/FNS_H_0000003050,"'Ekvivalenti beta-karotena'	'beta-carotene equivalents (provitamin A carotenoids)'",
https://www.fns-cloud.eu/foodComponents/FNS_H_0000003051,"'Gama karoten'	'gamma-carotene'",
https://www.fns-cloud.eu/foodComponents/FNS_H_0000003052,"'Kazein'	'casein'",
https://www.fns-cloud.eu/foodComponents/FNS_H_0000003053,"'catechin'	'Katehin'",
https://www.fns-cloud.eu/foodComponents/FNS_H_0000003054,"'Kadmij'	'cadmium'",
https://www.fns-cloud.eu/foodComponents/FNS_H_0000003055,"'Celuloza'	'cellulose'",
https://www.fns-cloud.eu/foodComponents/FNS_H_0000003056,"'chemical score '",
https://www.fns-cloud.eu/foodComponents/FNS_H_0000003057,"'quinic acid '",
https://www.fns-cloud.eu/foodComponents/FNS_H_0000003058,"'Lecitin (fosfatidilholin)'	'phosphatidyl choline (lecithin)'",
https://www.fns-cloud.eu/foodComponents/FNS_H_0000003059,"'Izkoristljivi ogljikovi hidrati'	'carbohydrate'",
https://www.fns-cloud.eu/foodComponents/FNS_H_0000003060,"'cholecalciferol'	'Holekalciferol'",
https://www.fns-cloud.eu/foodComponents/FNS_H_0000003061,"'25-hydroxycholecalciferol'	'25-hidroksiholekalciferol'",
https://www.fns-cloud.eu/foodComponents/FNS_H_0000003062,"'24-metilholest-7-erol'	'24-methylcholest-7-erol'",
https://www.fns-cloud.eu/foodComponents/FNS_H_0000003063,"'choline'	'Holin'",
https://www.fns-cloud.eu/foodComponents/FNS_H_0000003064,"'Holesterol'	'cholesterol'",
https://www.fns-cloud.eu/foodComponents/FNS_H_0000003065,"'Skupni ogljikovi hidrati'	'carbohydrate, total'",
https://www.fns-cloud.eu/foodComponents/FNS_H_0000003066,"'carbohydrates, unspecified '",
https://www.fns-cloud.eu/foodComponents/FNS_H_0000003067,"'Citronska kislina'	'citric acid'",
https://www.fns-cloud.eu/foodComponents/FNS_H_0000003068,"'chloride'	'Klorid'",
https://www.fns-cloud.eu/foodComponents/FNS_H_0000003069,"'Kobalt'	'cobalt'",
https://www.fns-cloud.eu/foodComponents/FNS_H_0000003070,"'carbon dioxide, free'	'Prosti ogljikov dioksid'",
https://www.fns-cloud.eu/foodComponents/FNS_H_0000003071,"'collagen'	'Kolagen'",
https://www.fns-cloud.eu/foodComponents/FNS_H_0000003072,"'Konsistenca'	'consistency'",
https://www.fns-cloud.eu/foodComponents/FNS_H_0000003073,"'Kumestrol'	'coumestrol'",
https://www.fns-cloud.eu/foodComponents/FNS_H_0000003074,"'Krom'	'chromium'",
https://www.fns-cloud.eu/foodComponents/FNS_H_0000003075,"'Kreatin/kreatinin'	'creatine/creatinine'",
https://www.fns-cloud.eu/foodComponents/FNS_H_0000003076,"'Kriptoksantini'	'cryptoxanthins'",
https://www.fns-cloud.eu/foodComponents/FNS_H_0000003077,"'alpha-cryptoxanthin'	'Alfa kriptoksantin'",
https://www.fns-cloud.eu/foodComponents/FNS_H_0000003078,"'beta-cryptoxanthin'	'Beta kriptoksantin'",
https://www.fns-cloud.eu/foodComponents/FNS_H_0000003079,"'Baker'	'copper'",
https://www.fns-cloud.eu/foodComponents/FNS_H_0000003080,"'Ciklamat'	'cyclamate'",
https://www.fns-cloud.eu/foodComponents/FNS_H_0000003081,"'Cistin'	'cystine'",
https://www.fns-cloud.eu/foodComponents/FNS_H_0000003082,"'Cistein'	'cysteine'",
https://www.fns-cloud.eu/foodComponents/FNS_H_0000003083,"'daidzein'	'Daidzein'",
https://www.fns-cloud.eu/foodComponents/FNS_H_0000003084,"'density/specific gravity'	'Gostota/Specifična teža'",
https://www.fns-cloud.eu/foodComponents/FNS_H_0000003085,"'dextrins '	'Dekstrin'",
https://www.fns-cloud.eu/foodComponents/FNS_H_0000003086,"'disaccharides, total '",
https://www.fns-cloud.eu/foodComponents/FNS_H_0000003087,"'Dopamin'	'dopamine'",
https://www.fns-cloud.eu/foodComponents/FNS_H_0000003088,"'dry matter'	'Suha snov'",
https://www.fns-cloud.eu/foodComponents/FNS_H_0000003089,"'Užitni del'	'edible portion'",
https://www.fns-cloud.eu/foodComponents/FNS_H_0000003090,"'Skupna energija'	'energy, gross'",
https://www.fns-cloud.eu/foodComponents/FNS_H_0000003091,"'Skupna presnovljiva energija'	'energy, total metabolisable'",
https://www.fns-cloud.eu/foodComponents/FNS_H_0000003092,"'epicatechin'	'Epikatehin'",
https://www.fns-cloud.eu/foodComponents/FNS_H_0000003093,"'Ergokalciferol'	'ergocalciferol'",
https://www.fns-cloud.eu/foodComponents/FNS_H_0000003094,"'Ergosterol'	'ergosterol'",
https://www.fns-cloud.eu/foodComponents/FNS_H_0000003095,"'Kaprinska kislina (MK 10:0)'	'fatty acid 10:0 (capric acid)'",
https://www.fns-cloud.eu/foodComponents/FNS_H_0000003096,"'MK 10:1'	'fatty acid 10:1'",
https://www.fns-cloud.eu/foodComponents/FNS_H_0000003097,"'MK 10:1 cis'	'fatty acid 10:1 cis'",
https://www.fns-cloud.eu/foodComponents/FNS_H_0000003098,"'MK 10:1'	'fatty acid 10:1 (caproleic acid)'",
https://www.fns-cloud.eu/foodComponents/FNS_H_0000003099,"'fatty acid 10:1 trans'	'MK 10:1 trans'",
https://www.fns-cloud.eu/foodComponents/FNS_H_0000003100,"'MK 11:0'	'fatty acid 11:0'",
https://www.fns-cloud.eu/foodComponents/FNS_H_0000003101,"'fatty acid 12:0 (lauric acid)'	'Lavrinska kislina (MK 12:0)'",
https://www.fns-cloud.eu/foodComponents/FNS_H_0000003102,"'fatty acid 12:1'	'MK 12:1'",
https://www.fns-cloud.eu/foodComponents/FNS_H_0000003103,"'MK 12:1 cis'	'fatty acid 12:1 cis'",
https://www.fns-cloud.eu/foodComponents/FNS_H_0000003104,"'Lauroleinska kislina (MK 12:1)'	'fatty acid 12:1 (lauroleic acid)'",
https://www.fns-cloud.eu/foodComponents/FNS_H_0000003105,"'fatty acid 12:1 trans'	'MK 12:1 trans'",
https://www.fns-cloud.eu/foodComponents/FNS_H_0000003106,"'Tridekanojska kislina (MK 13:0)'	'fatty acid 13:0 (tridecanoic acid)'",
https://www.fns-cloud.eu/foodComponents/FNS_H_0000003107,"'Isotridekanojska kislina (MK 13:0 iso)'	'fatty acid 13:0 iso (isotridecanoic acid)'",
https://www.fns-cloud.eu/foodComponents/FNS_H_0000003108,"'Miristinska kislina (MK 14:0)'	'fatty acid 14:0 (myristic acid)'",
https://www.fns-cloud.eu/foodComponents/FNS_H_0000003109,"'fatty acid 14:0 anteiso '",
https://www.fns-cloud.eu/foodComponents/FNS_H_0000003110,"'fatty acid 14:0 iso '",
https://www.fns-cloud.eu/foodComponents/FNS_H_0000003111,"'fatty acid 14:1'	'MK 14:1'",
https://www.fns-cloud.eu/foodComponents/FNS_H_0000003112,"'MK 14:1 cis'	'fatty acid 14:1 cis'",
https://www.fns-cloud.eu/foodComponents/FNS_H_0000003113,"'fatty acid 14:1 n-5 cis (myristoleic acid)'	'Miristooleinska kislina (MK 14:1 omega-5 cis)'",
https://www.fns-cloud.eu/foodComponents/FNS_H_0000003114,"'fatty acid 14:1 n-5 trans (myristelaidic acid)'	'Tetradekaenojska kislina (MK 14:1 omega-5 trans)'",
https://www.fns-cloud.eu/foodComponents/FNS_H_0000003115,"'Pentadekanojska kislina (MK 15:0)'	'fatty acid 15:0 (pentadecylic acid)'",
https://www.fns-cloud.eu/foodComponents/FNS_H_0000003116,"'fatty acid 15:0 anteiso '",
https://www.fns-cloud.eu/foodComponents/FNS_H_0000003117,"'fatty acid 15:0 iso '	'C15_0_iso'",
https://www.fns-cloud.eu/foodComponents/FNS_H_0000003118,"'Pentadekaenojska kislina (MK 15:1)'	'fatty acid 15:1 (pentadecenoic acid)'",
https://www.fns-cloud.eu/foodComponents/FNS_H_0000003119,"'fatty acid 15:1 n-8 cis'	'MK 15:1 omega-8 cis'",
https://www.fns-cloud.eu/foodComponents/FNS_H_0000003120,"'fatty acid 16:0 (palmitic acid)'	'Palmitinska kislina (MK 16:0)'",
https://www.fns-cloud.eu/foodComponents/FNS_H_0000003121,"'fatty acid 16:0 anteiso '",
https://www.fns-cloud.eu/foodComponents/FNS_H_0000003122,"'fatty acid 16:0 iso '	'C16:0 iso'",
https://www.fns-cloud.eu/foodComponents/FNS_H_0000003123,"'MK 16:1'	'fatty acid 16:1'",
https://www.fns-cloud.eu/foodComponents/FNS_H_0000003124,"'fatty acid 16:1 cis'	'MK 16:1 cis'",
https://www.fns-cloud.eu/foodComponents/FNS_H_0000003125,"'fatty acid 16:1 n-5 cis'	'MK 16:1 omega-5 cis'",
https://www.fns-cloud.eu/foodComponents/FNS_H_0000003126,"'Palmitooleinska kislina (MK 16:1 omega-7 cis)'	'fatty acid 16:1 n-7 cis (palmitoleic acid)'",
https://www.fns-cloud.eu/foodComponents/FNS_H_0000003127,"'fatty acid 16:1 n-9 cis'	'MK 16:1 omega-9 cis'",
https://www.fns-cloud.eu/foodComponents/FNS_H_0000003128,"'MK 16:1 iso'	'fatty acid 16:1 iso'",
https://www.fns-cloud.eu/foodComponents/FNS_H_0000003129,"'fatty acid 16:1 remainder'	'MK 16:1 preostanek'",
https://www.fns-cloud.eu/foodComponents/FNS_H_0000003130,"'fatty acid 16:1 n-7 trans'	'MK 16:1 omega-7 trans'",
https://www.fns-cloud.eu/foodComponents/FNS_H_0000003131,"'MK 16:1 trans'	'fatty acid 16:1 trans'",
https://www.fns-cloud.eu/foodComponents/FNS_H_0000003132,"'fatty acid 16:2'	'MK 16:2'",
https://www.fns-cloud.eu/foodComponents/FNS_H_0000003133,"'fatty acid 16:3'	'MK 16:3'",
https://www.fns-cloud.eu/foodComponents/FNS_H_0000003134,"'MK 16:4'	'fatty acid 16:4'",
https://www.fns-cloud.eu/foodComponents/FNS_H_0000003135,"'fatty acid 16:unidentified'	'MK 16:neidentificirana'",
https://www.fns-cloud.eu/foodComponents/FNS_H_0000003136,"'Margarinska kislina (MK 17:0)'	'fatty acid 17:0 (margaric acid)'",
https://www.fns-cloud.eu/foodComponents/FNS_H_0000003137,"'fatty acid 17:0 anteiso '",
https://www.fns-cloud.eu/foodComponents/FNS_H_0000003138,"'fatty acid 17:0 iso '",
https://www.fns-cloud.eu/foodComponents/FNS_H_0000003139,"'Heptadekaenojska kislina (MK 17:1)'	'fatty acid 17:1 (heptadecenoic acid)'",
https://www.fns-cloud.eu/foodComponents/FNS_H_0000003140,"'fatty acid 17:1 n-8 cis'	'MK 17:1 omega-8 cis'",
https://www.fns-cloud.eu/foodComponents/FNS_H_0000003141,"'Stearinska kislina (MK 18:0)'	'fatty acid 18:0 (stearic acid)'",
https://www.fns-cloud.eu/foodComponents/FNS_H_0000003142,"'fatty acid 18:0 anteiso '",
https://www.fns-cloud.eu/foodComponents/FNS_H_0000003143,"'fatty acid 18:0 iso '",
https://www.fns-cloud.eu/foodComponents/FNS_H_0000003144,"'fatty acid 18:1 (octadecenoic acid)'	'Oktadekaenojska kislina MK 18:1)'",
https://www.fns-cloud.eu/foodComponents/FNS_H_0000003145,"'MK 18:1 cis'	'fatty acid 18:1 cis'",
https://www.fns-cloud.eu/foodComponents/FNS_H_0000003146,"'MK 18:1 omega-10 cis'	'fatty acid 18:1 n-10 cis'",
https://www.fns-cloud.eu/foodComponents/FNS_H_0000003147,"'MK 18:1 omega-11 cis'	'fatty acid 18:1 n-11 cis'",
https://www.fns-cloud.eu/foodComponents/FNS_H_0000003148,"'MK 18:1 omega-12 cis'	'fatty acid 18:1 n-12 cis'",
https://www.fns-cloud.eu/foodComponents/FNS_H_0000003149,"'fatty acid 18:1 n-13 cis'	'MK 18:1 omega-13 cis'",
https://www.fns-cloud.eu/foodComponents/FNS_H_0000003150,"'fatty acid 18:1 n-3 cis'	'MK 18:1 omega-3 cis'",
https://www.fns-cloud.eu/foodComponents/FNS_H_0000003151,"'fatty acid 18:1 n-4 cis'	'MK 18:1 omega-4 cis'",
https://www.fns-cloud.eu/foodComponents/FNS_H_0000003152,"'MK 18:1 omega-5 cis'	'fatty acid 18:1 n-5 cis'",
https://www.fns-cloud.eu/foodComponents/FNS_H_0000003153,"'MK 18:1 omega-6 cis'	'fatty acid 18:1 n-6 cis'",
https://www.fns-cloud.eu/foodComponents/FNS_H_0000003154,"'MK 18:1 omega-7 cis'	'fatty acid 18:1 n-7 cis'",
https://www.fns-cloud.eu/foodComponents/FNS_H_0000003155,"'fatty acid 18:1 n-8 cis'	'MK 18:1 omega-8 cis'",
https://www.fns-cloud.eu/foodComponents/FNS_H_0000003156,"'fatty acid 18:1 n-9 cis (oleic acid)'	'Oleinska kislina (MK 18:1 omega-9 cis)'",
https://www.fns-cloud.eu/foodComponents/FNS_H_0000003157,"'MK 18:1 iso'	'fatty acid 18:1 iso'",
https://www.fns-cloud.eu/foodComponents/FNS_H_0000003158,"'Ricinolejska kislina (MK 18:1 OH omega-7)'	'fatty acid 18:1 OH n-7 (ricinoleic acid)'",
https://www.fns-cloud.eu/foodComponents/FNS_H_0000003159,"'fatty acid 18:1 remainder'	'MK 18:1 preostanek'",
https://www.fns-cloud.eu/foodComponents/FNS_H_0000003160,"'MK 18:1 omega-10 trans'	'fatty acid 18:1 n-10 trans'",
https://www.fns-cloud.eu/foodComponents/FNS_H_0000003161,"'fatty acid 18:1 n-11 trans'	'MK 18:1 omega-11 trans'",
https://www.fns-cloud.eu/foodComponents/FNS_H_0000003162,"'MK18:1 omega-12 trans'	'fatty acid 18:1 n-12 trans'",
https://www.fns-cloud.eu/foodComponents/FNS_H_0000003163,"'MK 18:1 omega-2 trans'	'fatty acid 18:1 n-2 trans'",
https://www.fns-cloud.eu/foodComponents/FNS_H_0000003164,"'MK 18:1 omega-3 trans'	'fatty acid 18:1 n-3 trans'",
https://www.fns-cloud.eu/foodComponents/FNS_H_0000003165,"'MK 18:1 omega-4 trans'	'fatty acid 18:1 n-4 trans'",
https://www.fns-cloud.eu/foodComponents/FNS_H_0000003166,"'fatty acid 18:1 n-5 trans'	'MK 18:1 omega-5 trans'",
https://www.fns-cloud.eu/foodComponents/FNS_H_0000003167,"'fatty acid 18:1 n-6 trans'	'MK 18:1 omega-6 trans'",
https://www.fns-cloud.eu/foodComponents/FNS_H_0000003168,"'fatty acid 18:1 n-7 trans'	'MK 18:1 omega-7 trans'",
https://www.fns-cloud.eu/foodComponents/FNS_H_0000003169,"'MK 18:1 omega-8 trans'	'fatty acid 18:1 n-8 trans'",
https://www.fns-cloud.eu/foodComponents/FNS_H_0000003170,"'fatty acid 18:1 n-9 trans (elaidic acid)'	'Elaidinska kislina (MK 18:1 omega-9 trans) '",
https://www.fns-cloud.eu/foodComponents/FNS_H_0000003171,"'fatty acid 18:1 total trans'	'MK18:1 skupne trans'",
https://www.fns-cloud.eu/foodComponents/FNS_H_0000003172,"'MK 18:2'	'fatty acid 18:2'",
https://www.fns-cloud.eu/foodComponents/FNS_H_0000003173,"'fatty acid 18:2 n-6 cis,cis'	'Linolna kislina (MK 18:2 omega-6 cis,cis)'",
https://www.fns-cloud.eu/foodComponents/FNS_H_0000003174,"'MK 18:2 omega-9 cis,cis'	'fatty acid 18:2 n-9 cis,cis'",
https://www.fns-cloud.eu/foodComponents/FNS_H_0000003175,"'fatty acid 18:2 conjugated'	'Konjugirana linolna kislina - CLA (MK 18:2)'",
https://www.fns-cloud.eu/foodComponents/FNS_H_0000003176,"'MK 18:2 cis in trans'	'fatty acid 18:2 cis + trans'",
https://www.fns-cloud.eu/foodComponents/FNS_H_0000003177,"'MK 18:2 iso'	'fatty acid 18:2 iso'",
https://www.fns-cloud.eu/foodComponents/FNS_H_0000003178,"'fatty acid 18:2 remainder'	'MK 18:2 preostanek'",
https://www.fns-cloud.eu/foodComponents/FNS_H_0000003179,"'MK 18:2 trans in cis'	'fatty acid 18:2 trans + cis'",
https://www.fns-cloud.eu/foodComponents/FNS_H_0000003180,"'fatty acid 18:2 trans'	'MK 18:2 trans'",
https://www.fns-cloud.eu/foodComponents/FNS_H_0000003181,"'MK 18:2 omega-6 trans, trans'	'fatty acid 18:2 n-6 trans,trans'",
https://www.fns-cloud.eu/foodComponents/FNS_H_0000003182,"'MK 18:3'	'fatty acid 18:3'",
https://www.fns-cloud.eu/foodComponents/FNS_H_0000003183,"'fatty acid 18:3 n-3 all-cis'	'Alfa-linolenska kislina (MK 18:3 omega-3 vse cis)'",
https://www.fns-cloud.eu/foodComponents/FNS_H_0000003184,"'fatty acid 18:3 n-6 all-cis'	'Gama-linolenska kislina (MK 18:3 omega-6 vse cis)'",
https://www.fns-cloud.eu/foodComponents/FNS_H_0000003185,"'fatty acid 18:3 n-3'	'MK 18:3 omega-3'",
https://www.fns-cloud.eu/foodComponents/FNS_H_0000003186,"'MK 18:3 omega-6'	'fatty acid 18:3 n-6'",
https://www.fns-cloud.eu/foodComponents/FNS_H_0000003187,"'MK 18:3 omega-3 vse trans'	'fatty acid 18:3 n-3 all-trans'",
https://www.fns-cloud.eu/foodComponents/FNS_H_0000003188,"'MK 18:4'	'fatty acid 18:4'",
https://www.fns-cloud.eu/foodComponents/FNS_H_0000003189,"'fatty acid 18:4 n-3 all-cis'	'MK 18:4 omega-3 vse cis'",
https://www.fns-cloud.eu/foodComponents/FNS_H_0000003190,"'MK 18:4 omega-3'	'fatty acid 18:4 n-3'",
https://www.fns-cloud.eu/foodComponents/FNS_H_0000003191,"'MK 19:0'	'fatty acid 19:0'",
https://www.fns-cloud.eu/foodComponents/FNS_H_0000003192,"'fatty acid 20:0 (arachidic acid)'	'Arahidinska kislina (MK 20:0)'",
https://www.fns-cloud.eu/foodComponents/FNS_H_0000003193,"'fatty acid 20:0 iso '",
https://www.fns-cloud.eu/foodComponents/FNS_H_0000003194,"'Eikozaenojska kislina (MK 20:1)'	'fatty acid 20:1 (eicosenoic acid)'",
https://www.fns-cloud.eu/foodComponents/FNS_H_0000003195,"'MK 20:1 cis'	'fatty acid 20:1 cis'",
https://www.fns-cloud.eu/foodComponents/FNS_H_0000003196,"'MK 20:1 omega-11 cis'	'fatty acid 20:1 n-11 cis'",
https://www.fns-cloud.eu/foodComponents/FNS_H_0000003197,"'MK 20:1 omega-9 cis'	'fatty acid 20:1 n-9 cis'",
https://www.fns-cloud.eu/foodComponents/FNS_H_0000003198,"'fatty acid 20:1 n-11 trans'	'MK 20:1 omega-11 trans'",
https://www.fns-cloud.eu/foodComponents/FNS_H_0000003199,"'MK 20:1 omega-9 trans'	'fatty acid 20:1 n-9 trans'",
https://www.fns-cloud.eu/foodComponents/FNS_H_0000003200,"'MK 20:1 trans'	'fatty acid 20:1 trans'",
https://www.fns-cloud.eu/foodComponents/FNS_H_0000003201,"'fatty acid 20:2 (eicosadienoic acid)'	'Eikozadienojska kislina (MK 20:2)'",
https://www.fns-cloud.eu/foodComponents/FNS_H_0000003202,"'fatty acid 20:2 n-6 cis,cis'	'MK 20:2 omega-6 cis,cis'",
https://www.fns-cloud.eu/foodComponents/FNS_H_0000003203,"'MK 20:2 omega-6'	'fatty acid 20:2 n-6'",
https://www.fns-cloud.eu/foodComponents/FNS_H_0000003204,"'Eikozatrienojska kislina (MK 20:3)'	'fatty acid 20:3 (eicosatrienoic acid)'",
https://www.fns-cloud.eu/foodComponents/FNS_H_0000003205,"'fatty acid 20:3 n-3 all-cis'	'MK 20:3 omega-4 vse cis'",
https://www.fns-cloud.eu/foodComponents/FNS_H_0000003206,"'MK 20:3 omega-6 vse cis'	'fatty acid 20:3 n-6 all-cis'",
https://www.fns-cloud.eu/foodComponents/FNS_H_0000003207,"'fatty acid 20:3 n-9 all-cis'	'MK 20:3 omega-9 vse cis'",
https://www.fns-cloud.eu/foodComponents/FNS_H_0000003208,"'Eikozatrienojska kislina (MK 20:3 omega-3)'	'fatty acid 20:3 n-3'",
https://www.fns-cloud.eu/foodComponents/FNS_H_0000003209,"'MK 20:3 omega-6'	'fatty acid 20:3 n-6'",
https://www.fns-cloud.eu/foodComponents/FNS_H_0000003210,"'Eikozatetraenojska kislina (MK 20:4)'	'fatty acid 20:4 (eicosatetraenoic acid)'",
https://www.fns-cloud.eu/foodComponents/FNS_H_0000003211,"'fatty acid 20:4 n-6 cis '",
https://www.fns-cloud.eu/foodComponents/FNS_H_0000003212,"'fatty acid 20:4 n-3'	'MK 20:4 omega-3'",
https://www.fns-cloud.eu/foodComponents/FNS_H_0000003213,"'fatty acid 20:4 n-6'	'Arahidonska kislina (MK 20:4 omega-6)'",
https://www.fns-cloud.eu/foodComponents/FNS_H_0000003214,"'fatty acid 20:5 (eicopentaenoic acid)'	'Eikozapentaenojska kislina (MK 20:5)'",
https://www.fns-cloud.eu/foodComponents/FNS_H_0000003215,"'fatty acid 20:5 n-3 cis '",
https://www.fns-cloud.eu/foodComponents/FNS_H_0000003216,"'fatty acid 20:5 n-3'	'EPA - Eikozapentaenojska kislina  (MK 20:5 omega-3)'",
https://www.fns-cloud.eu/foodComponents/FNS_H_0000003217,"'MK 20:5 omega-6'	'fatty acid 20:5 n-6'",
https://www.fns-cloud.eu/foodComponents/FNS_H_0000003218,"'fatty acid 21:0'	'Maščobna kislina 21:0 (heneikozanojska kislina)'",
https://www.fns-cloud.eu/foodComponents/FNS_H_0000003219,"'fatty acid 21:5 (heneicosapentaenoic acid) '",
https://www.fns-cloud.eu/foodComponents/FNS_H_0000003220,"'fatty acid 21:5 n-3 (heneicosapentaenoic acid) '",
https://www.fns-cloud.eu/foodComponents/FNS_H_0000003221,"'Maščobna kislina 22:0 (behenojska kislina)'	'fatty acid 22:0 (behenic acid)'",
https://www.fns-cloud.eu/foodComponents/FNS_H_0000003222,"'fatty acid 22:1 (docosenoic acid)'	'MK 22:1'",
https://www.fns-cloud.eu/foodComponents/FNS_H_0000003223,"'fatty acid 22:1 cis'	'MK 22:1 cis'",
https://www.fns-cloud.eu/foodComponents/FNS_H_0000003224,"'Cetoleinska kislina (MK 22:1 omega-11 cis)'	'fatty acid 22:1 n-11 cis (cetoleic acid)'",
https://www.fns-cloud.eu/foodComponents/FNS_H_0000003225,"'Eruka kislina (MK 22:1 omega-9 cis)'	'fatty acid 22:1 n-9 cis (erucic acid)'",
https://www.fns-cloud.eu/foodComponents/FNS_H_0000003226,"'fatty acid 22:1 n-7'	'MK 22:1 omega-7'",
https://www.fns-cloud.eu/foodComponents/FNS_H_0000003227,"'MK 22:1 omega-9 trans'	'fatty acid 22:1 n-9 trans (brassidic acid)'",
https://www.fns-cloud.eu/foodComponents/FNS_H_0000003228,"'Dokozadienojska kislina (MK 22:2)'	'fatty acid 22:2 (docosadienoic acid)'",
https://www.fns-cloud.eu/foodComponents/FNS_H_0000003229,"'fatty acid 22:2 n-3 cis,cis'	'MK 22:2 omega-3 cis,cis'",
https://www.fns-cloud.eu/foodComponents/FNS_H_0000003230,"'fatty acid 22:2 n-6 cis '",
https://www.fns-cloud.eu/foodComponents/FNS_H_0000003231,"'Dokozatrienojska C 22:3, cis-16'	'fatty acid 22:3 n-3 cis '",
https://www.fns-cloud.eu/foodComponents/FNS_H_0000003232,"'Dokozatetraenojska kislina (MK 22:4)'	'fatty acid 22:4 (docosatetraenoic acid)'",
https://www.fns-cloud.eu/foodComponents/FNS_H_0000003233,"'fatty acid 22:4 n-6 cis '",
https://www.fns-cloud.eu/foodComponents/FNS_H_0000003234,"'MK 22:4 omega-3'	'fatty acid 22:4 n-3'",
https://www.fns-cloud.eu/foodComponents/FNS_H_0000003235,"'MK 22:4 omega-6'	'fatty acid 22:4 n-6'",
https://www.fns-cloud.eu/foodComponents/FNS_H_0000003236,"'Dokozapentaenojska kislina - DPA (MK 22:5)'	'fatty acid 22:5 (docosapentaenoic acid)'",
https://www.fns-cloud.eu/foodComponents/FNS_H_0000003237,"'fatty acid 22:5 n-3 cis '",
https://www.fns-cloud.eu/foodComponents/FNS_H_0000003238,"'fatty acid 22:5 n-6 cis '",
https://www.fns-cloud.eu/foodComponents/FNS_H_0000003239,"'Dokozapentaenojska kislina - DPA (MK 22:5 omega-3)'	'fatty acid 22:5 n-3'",
https://www.fns-cloud.eu/foodComponents/FNS_H_0000003240,"'MK 22:5 omega-6'	'fatty acid 22:5 n-6'",
https://www.fns-cloud.eu/foodComponents/FNS_H_0000003241,"'Dokozaheksaenojska kislina (MK 22:6)'	'fatty acid 22:6 (docosahexaenoic acid)'",
https://www.fns-cloud.eu/foodComponents/FNS_H_0000003242,"'DHA'	'fatty acid 22:6 n-3 cis '",
https://www.fns-cloud.eu/foodComponents/FNS_H_0000003243,"'DHA - Dokozaheksaenojska kislina  (MK 22:6 omega-3)'	'fatty acid 22:6 n-3'",
https://www.fns-cloud.eu/foodComponents/FNS_H_0000003244,"'fatty acid 22:unidentified'	'MK 22:neidentificirana'",
https://www.fns-cloud.eu/foodComponents/FNS_H_0000003245,"'fatty acid 23:0 (tricosanoic acid)'	'Maščobna kislina 23:0 (trikozanojska kislina)'",
https://www.fns-cloud.eu/foodComponents/FNS_H_0000003246,"'Lignocerska kislina (MK 24:0)'	'fatty acid 24:0 (lignoceric acid)'",
https://www.fns-cloud.eu/foodComponents/FNS_H_0000003247,"'Nervonska kislina (MK 24:1)'	'fatty acid 24:1 (tetracosenoic acid)'",
https://www.fns-cloud.eu/foodComponents/FNS_H_0000003248,"'fatty acid 24:1 n-9 cis'	'MK 24:1 omega-9 cis'",
https://www.fns-cloud.eu/foodComponents/FNS_H_0000003249,"'MK 24:1 omega-9 trans'	'fatty acid 24:1 n-9 trans'",
https://www.fns-cloud.eu/foodComponents/FNS_H_0000003250,"'fatty acid 24:2 n-6 '",
https://www.fns-cloud.eu/foodComponents/FNS_H_0000003251,"'fatty acid 26:0'	'Maščobna kislina 26:0 (kerotinska kislina)'",
https://www.fns-cloud.eu/foodComponents/FNS_H_0000003252,"'Maslena kislina (MK 4:0)'	'fatty acid 4:0 (butyric acid)'",
https://www.fns-cloud.eu/foodComponents/FNS_H_0000003253,"'fatty acid 6:0 (caproic acid)'	'Kapronska kislina (MK 6:0)'",
https://www.fns-cloud.eu/foodComponents/FNS_H_0000003254,"'fatty acid 8:0 (caprylic acid)'	'Kaprilna kislina (MK 8:0)'",
https://www.fns-cloud.eu/foodComponents/FNS_H_0000003255,"'Faktor pretvorbe maščobnih kislin'	'fatty acid conversion factor'",
https://www.fns-cloud.eu/foodComponents/FNS_H_0000003256,"'fatty acids, total'	'Skupne maščobne kisline'",
https://www.fns-cloud.eu/foodComponents/FNS_H_0000003257,"'Skupne MK preračunane kot ekvivalent triacilglicerola'	'fatty acids, total, calculated as triacylglycerol equivalents'",
https://www.fns-cloud.eu/foodComponents/FNS_H_0000003258,"'fatty acids, total cis n-3'	'Skupne cis omega-3 MK'",
https://www.fns-cloud.eu/foodComponents/FNS_H_0000003259,"'fatty acids, total cis n-6'	'Skupne cis omega-6 MK'",
https://www.fns-cloud.eu/foodComponents/FNS_H_0000003260,"'fatty acids, total cis n-9'	'Skupne cis omega-9 MK'",
https://www.fns-cloud.eu/foodComponents/FNS_H_0000003261,"'fatty acids, total essential'	'Skupne esencialne MK'",
https://www.fns-cloud.eu/foodComponents/FNS_H_0000003262,"'Skupne proste MK'	'fatty acids, total free'",
https://www.fns-cloud.eu/foodComponents/FNS_H_0000003263,"'Skupne enkrat nenasičene MK'	'fatty acids, total monounsaturated'",
https://www.fns-cloud.eu/foodComponents/FNS_H_0000003264,"'Skupne cis enkrat nenasičene MK'	'fatty acids, monounsaturated, total cis'",
https://www.fns-cloud.eu/foodComponents/FNS_H_0000003265,"'fatty acids, monounsaturated, cis, remainder'	'Preostale cis enkrat nenasičene MK'",
https://www.fns-cloud.eu/foodComponents/FNS_H_0000003266,"'Skupne trans enkrat nenasičene MK'	'fatty acids, monounsaturated, total trans'",
https://www.fns-cloud.eu/foodComponents/FNS_H_0000003267,"'Preostale trans enkrat nenasičene MK'	'fatty acids, monounsaturated, trans, remainder'",
https://www.fns-cloud.eu/foodComponents/FNS_H_0000003268,"'fatty acids, total polyunsaturated'	'Skupne večkrat nenasičene MK'",
https://www.fns-cloud.eu/foodComponents/FNS_H_0000003269,"'fatty acids, cis polyunsaturated, remainder'	'NE UPORABI! Preostale cis večkrat nenasičene MK'",
https://www.fns-cloud.eu/foodComponents/FNS_H_0000003270,"'fatty acids, polyunsaturated, cis, remainder'	'Preostale cis večkrat nenasičene MK'",
https://www.fns-cloud.eu/foodComponents/FNS_H_0000003271,"'Skupne dolgoverižne večkrat nenasičene MK'	'fatty acids, polyunsaturated, total long-chain'",
https://www.fns-cloud.eu/foodComponents/FNS_H_0000003272,"'Skupne omega-3 večkrat nenasičene MK'	'fatty acids, polyunsaturated, total n-3'",
https://www.fns-cloud.eu/foodComponents/FNS_H_0000003273,"'fatty acids, total polyunsaturated n-3 fish '",
https://www.fns-cloud.eu/foodComponents/FNS_H_0000003274,"'fatty acids, total polyunsaturated n-3 vegetable '",
https://www.fns-cloud.eu/foodComponents/FNS_H_0000003275,"'fatty acids, polyunsaturated, total n-6'	'Skupne omega-6 večkrat nenasičene MK'",
https://www.fns-cloud.eu/foodComponents/FNS_H_0000003276,"'Skupne omega-9 večkrat nenasičene MK'	'fatty acids, polyunsaturated, total n-9'",
https://www.fns-cloud.eu/foodComponents/FNS_H_0000003277,"'Ostale večkrat nenasičene MK (=PUFA - linolna - linolenska kislina)'	'fatty acids, polyunsaturated, other (= PUFA-linoleic-linolenic)'",
https://www.fns-cloud.eu/foodComponents/FNS_H_0000003278,"'fatty acids, trans polyunsaturated, remainder '",
https://www.fns-cloud.eu/foodComponents/FNS_H_0000003279,"'fatty acids, polyunsaturated, remainder '",
https://www.fns-cloud.eu/foodComponents/FNS_H_0000003280,"'Skupne nasičene maščobne kisline'	'fatty acids, total saturated'",
https://www.fns-cloud.eu/foodComponents/FNS_H_0000003281,"'fatty acids, trans saturated, remainder'	'Preostale trans nasičene maščobne kisline'",
https://www.fns-cloud.eu/foodComponents/FNS_H_0000003282,"'Preostale nasičene maščobne kisline'	'fatty acids, saturated, remainder'",
https://www.fns-cloud.eu/foodComponents/FNS_H_0000003283,"'Skupna maščoba'	'fat, total'",
https://www.fns-cloud.eu/foodComponents/FNS_H_0000003284,"'Maščoba živalskega izvora'	'fat, animal'",
https://www.fns-cloud.eu/foodComponents/FNS_H_0000003285,"'Maščoba rastlinskega izvora'	'fat, plant'",
https://www.fns-cloud.eu/foodComponents/FNS_H_0000003286,"'Skupne trans MK'	'fatty acids, total trans'",
https://www.fns-cloud.eu/foodComponents/FNS_H_0000003287,"'Maščoba neznanega izvora'	'fat, unknown origin'",
https://www.fns-cloud.eu/foodComponents/FNS_H_0000003288,"'Neidentificirana MK '	'fatty acid, unidentified'",
https://www.fns-cloud.eu/foodComponents/FNS_H_0000003289,"'fluoride'	'Fluorid'",
https://www.fns-cloud.eu/foodComponents/FNS_H_0000003290,"'iron, total'	'Skupno železo'",
https://www.fns-cloud.eu/foodComponents/FNS_H_0000003291,"'fibre, crude '	'Surova prehranska vlaknina'",
https://www.fns-cloud.eu/foodComponents/FNS_H_0000003292,"'Heksoze v prehranski vlaknini'	'hexoses in dietary fibre'",
https://www.fns-cloud.eu/foodComponents/FNS_H_0000003293,"'fibre, water-insoluble'	'Netopna prehranska vlaknina'",
https://www.fns-cloud.eu/foodComponents/FNS_H_0000003294,"'Pentoze v prehranski vlaknini'	'pentoses in dietary fibre'",
https://www.fns-cloud.eu/foodComponents/FNS_H_0000003295,"'Topna prehranska vlaknina'	'fibre, water-soluble'",
https://www.fns-cloud.eu/foodComponents/FNS_H_0000003296,"'fibre, total dietary'	'Skupna prehranska vlaknina'",
https://www.fns-cloud.eu/foodComponents/FNS_H_0000003297,"'folate, total'	'Vitamin B9 (skupni folat)'",
https://www.fns-cloud.eu/foodComponents/FNS_H_0000003298,"'folic acid, synthetic'	'Folna kislina (sintetična)'",
https://www.fns-cloud.eu/foodComponents/FNS_H_0000003299,"'Formononetin'	'formononetin'",
https://www.fns-cloud.eu/foodComponents/FNS_H_0000003300,"'fructose '	'Fruktoza'",
https://www.fns-cloud.eu/foodComponents/FNS_H_0000003301,"'fucosterol'	'Fukosterol'",
https://www.fns-cloud.eu/foodComponents/FNS_H_0000003302,"'isofucosterol'	'Izofukosterol'",
https://www.fns-cloud.eu/foodComponents/FNS_H_0000003303,"'Fumarna kislina'	'fumaric acid'",
https://www.fns-cloud.eu/foodComponents/FNS_H_0000003304,"'galactose '	'Galaktoza'",
https://www.fns-cloud.eu/foodComponents/FNS_H_0000003305,"'Alfa galaktozidi'	'alpha galactosides'",
https://www.fns-cloud.eu/foodComponents/FNS_H_0000003306,"'Genistein'	'genistein'",
https://www.fns-cloud.eu/foodComponents/FNS_H_0000003307,"'Glikemični indeks'	'glycemic index'",
https://www.fns-cloud.eu/foodComponents/FNS_H_0000003308,"'Glutamin'	'glutamine'",
https://www.fns-cloud.eu/foodComponents/FNS_H_0000003309,"'Glutaminska kislina (glutamat)'	'glutamic acid'",
https://www.fns-cloud.eu/foodComponents/FNS_H_0000003310,"'glucose'	'Glukoza'",
https://www.fns-cloud.eu/foodComponents/FNS_H_0000003311,"'Gluten'	'gluten'",
https://www.fns-cloud.eu/foodComponents/FNS_H_0000003312,"'glycine'	'Glicin'",
https://www.fns-cloud.eu/foodComponents/FNS_H_0000003313,"'Glikogen'	'glycogen '",
https://www.fns-cloud.eu/foodComponents/FNS_H_0000003314,"'Glicitein'	'glycitein'",
https://www.fns-cloud.eu/foodComponents/FNS_H_0000003315,"'glycolipids, total'	'Skupni glikolipidi'",
https://www.fns-cloud.eu/foodComponents/FNS_H_0000003316,"'Gicerol'	'glycerol'",
https://www.fns-cloud.eu/foodComponents/FNS_H_0000003317,"'diketogulonic acid'	'Diketogulonska kislina'",
https://www.fns-cloud.eu/foodComponents/FNS_H_0000003318,"'hydrophilic-ORAC'",
https://www.fns-cloud.eu/foodComponents/FNS_H_0000003319,"'iron, haem'	'Hemsko železo'",
https://www.fns-cloud.eu/foodComponents/FNS_H_0000003320,"'mercury'	'Živo srebro'",
https://www.fns-cloud.eu/foodComponents/FNS_H_0000003321,"'Histidin'	'histidine'",
https://www.fns-cloud.eu/foodComponents/FNS_H_0000003322,"'histamine'	'Histamin'",
https://www.fns-cloud.eu/foodComponents/FNS_H_0000003323,"'Hidroksiprolin'	'hydroxyproline'",
https://www.fns-cloud.eu/foodComponents/FNS_H_0000003324,"'Jod'	'iodide'",
https://www.fns-cloud.eu/foodComponents/FNS_H_0000003325,"'isoleucine'	'Izolevcin'",
https://www.fns-cloud.eu/foodComponents/FNS_H_0000003326,"'inositol '	'Inozit'",
https://www.fns-cloud.eu/foodComponents/FNS_H_0000003327,"'inulin'	'Inulin'",
https://www.fns-cloud.eu/foodComponents/FNS_H_0000003328,"'isocitric acid'	'Izocitronska kislina'",
https://www.fns-cloud.eu/foodComponents/FNS_H_0000003329,"'Skupni izoflavonoidi'	'isoflavonoids, total'",
https://www.fns-cloud.eu/foodComponents/FNS_H_0000003330,"'Izomaltotrioza'	'isomalt '",
https://www.fns-cloud.eu/foodComponents/FNS_H_0000003331,"'potassium'	'Kalij'",
https://www.fns-cloud.eu/foodComponents/FNS_H_0000003332,"'Kempferol'	'kaempferol'",
https://www.fns-cloud.eu/foodComponents/FNS_H_0000003333,"'lipophilic-ORAC'",
https://www.fns-cloud.eu/foodComponents/FNS_H_0000003334,"'Mlečna kislina'	'lactic acid '",
https://www.fns-cloud.eu/foodComponents/FNS_H_0000003335,"'D-lactic acid '",
https://www.fns-cloud.eu/foodComponents/FNS_H_0000003336,"'L-mlečna kislina'	'L-lactic acid'",
https://www.fns-cloud.eu/foodComponents/FNS_H_0000003337,"'Laktoza'	'lactose '",
https://www.fns-cloud.eu/foodComponents/FNS_H_0000003338,"'lactitol '",
https://www.fns-cloud.eu/foodComponents/FNS_H_0000003339,"'leucine'	'Levcin'",
https://www.fns-cloud.eu/foodComponents/FNS_H_0000003340,"'lignin'	'Lignin'",
https://www.fns-cloud.eu/foodComponents/FNS_H_0000003341,"'Skupni lignani'	'lignans, total'",
https://www.fns-cloud.eu/foodComponents/FNS_H_0000003342,"'Lutein'	'lutein'",
https://www.fns-cloud.eu/foodComponents/FNS_H_0000003343,"'Luteolin'	'luteolin'",
https://www.fns-cloud.eu/foodComponents/FNS_H_0000003344,"'Lutein in zeaksantin'	'lutein plus zeaxanthine'",
https://www.fns-cloud.eu/foodComponents/FNS_H_0000003345,"'Likopen'	'lycopene'",
https://www.fns-cloud.eu/foodComponents/FNS_H_0000003346,"'lysine'	'Lizin'",
https://www.fns-cloud.eu/foodComponents/FNS_H_0000003347,"'lysine, available '",
https://www.fns-cloud.eu/foodComponents/FNS_H_0000003348,"'malic acid'	'Jabolčna kislina'",
https://www.fns-cloud.eu/foodComponents/FNS_H_0000003349,"'Maltoza'	'maltose '",
https://www.fns-cloud.eu/foodComponents/FNS_H_0000003350,"'Maltotrioza'	'maltotriose'",
https://www.fns-cloud.eu/foodComponents/FNS_H_0000003351,"'Manit'	'mannitol '",
https://www.fns-cloud.eu/foodComponents/FNS_H_0000003352,"'matairesinol'	'Matairezinol'",
https://www.fns-cloud.eu/foodComponents/FNS_H_0000003353,"'methionine'	'Metionin'",
https://www.fns-cloud.eu/foodComponents/FNS_H_0000003354,"'magnesium'	'Magnezij'",
https://www.fns-cloud.eu/foodComponents/FNS_H_0000003355,"'Menaquinone-10'	'Menakinon-10'",
https://www.fns-cloud.eu/foodComponents/FNS_H_0000003356,"'Menaquinone-11'	'Menakinon-11'",
https://www.fns-cloud.eu/foodComponents/FNS_H_0000003357,"'Menakinon-12'	'Menaquinone-12'",
https://www.fns-cloud.eu/foodComponents/FNS_H_0000003358,"'Menakinon-13'	'Menaquinone-13'",
https://www.fns-cloud.eu/foodComponents/FNS_H_0000003359,"'Menakinon-4'	'Menaquinone-4'",
https://www.fns-cloud.eu/foodComponents/FNS_H_0000003360,"'Menaquinone-5'	'Menakinon-6'",
https://www.fns-cloud.eu/foodComponents/FNS_H_0000003361,"'Menaquinone-6'	'Menakinon-6'",
https://www.fns-cloud.eu/foodComponents/FNS_H_0000003362,"'Menakinon-7'	'Menaquinone-7'",
https://www.fns-cloud.eu/foodComponents/FNS_H_0000003363,"'Menakinon-8'	'Menaquinone-8'",
https://www.fns-cloud.eu/foodComponents/FNS_H_0000003364,"'Menaquinone-9'	'Menakinon-9'",
https://www.fns-cloud.eu/foodComponents/FNS_H_0000003365,"'manganese'	'Mangan'",
https://www.fns-cloud.eu/foodComponents/FNS_H_0000003366,"'Skupni monosaharidi'	'monosaccharides, total'",
https://www.fns-cloud.eu/foodComponents/FNS_H_0000003367,"'Molibden'	'molybdenum'",
https://www.fns-cloud.eu/foodComponents/FNS_H_0000003368,"'myricetin'	'Miricetin'",
https://www.fns-cloud.eu/foodComponents/FNS_H_0000003369,"'sodium '	'Natrij, Na'",
https://www.fns-cloud.eu/foodComponents/FNS_H_0000003370,"'salt'	'Sol'",
https://www.fns-cloud.eu/foodComponents/FNS_H_0000003371,"'Faktor pretvorbe dušika'	'nitrogen conversion factor'",
https://www.fns-cloud.eu/foodComponents/FNS_H_0000003372,"'Nehemsko železo'	'iron, non-haem'",
https://www.fns-cloud.eu/foodComponents/FNS_H_0000003373,"'nickel'	'Nikelj'",
https://www.fns-cloud.eu/foodComponents/FNS_H_0000003374,"'niacin, preformed'	'Niacin (vitamin B3)'",
https://www.fns-cloud.eu/foodComponents/FNS_H_0000003375,"'niacin, available '",
https://www.fns-cloud.eu/foodComponents/FNS_H_0000003376,"'Vitamin B3 (ekvivalenti niacina)'	'niacin equivalents, total'",
https://www.fns-cloud.eu/foodComponents/FNS_H_0000003377,"'niacin equivalents from tryptophan '",
https://www.fns-cloud.eu/foodComponents/FNS_H_0000003378,"'nitrates'	'Nitrati'",
https://www.fns-cloud.eu/foodComponents/FNS_H_0000003379,"'nitrites'	'Nitriti'",
https://www.fns-cloud.eu/foodComponents/FNS_H_0000003380,"'nitrosamines, total'	'Skupni nitrozamini'",
https://www.fns-cloud.eu/foodComponents/FNS_H_0000003381,"'Nebeljakovinski dušik'	'nitrogen, non protein'",
https://www.fns-cloud.eu/foodComponents/FNS_H_0000003382,"'Neškrobni polisaharidi'	'non-starch polysaccharides'",
https://www.fns-cloud.eu/foodComponents/FNS_H_0000003383,"'Skupni dušik'	'nitrogen, total'",
https://www.fns-cloud.eu/foodComponents/FNS_H_0000003384,"'Skupne organske kisline'	'organic acids, total'",
https://www.fns-cloud.eu/foodComponents/FNS_H_0000003385,"'oligosaccharides, available'	'Razpoložljivi oligosaharidi'",
https://www.fns-cloud.eu/foodComponents/FNS_H_0000003386,"'oxalic acid'	'Oksalna kislina'",
https://www.fns-cloud.eu/foodComponents/FNS_H_0000003387,"'phosphorus'	'Fosfor'",
https://www.fns-cloud.eu/foodComponents/FNS_H_0000003388,"'Vitamin B5 (pantotenska kislina)'	'pantothenic acid (vitamin B5)'",
https://www.fns-cloud.eu/foodComponents/FNS_H_0000003389,"'Svinec'	'lead'",
https://www.fns-cloud.eu/foodComponents/FNS_H_0000003390,"'Pektinske snovi'	'pectin '",
https://www.fns-cloud.eu/foodComponents/FNS_H_0000003391,"'pH'	'pH'",
https://www.fns-cloud.eu/foodComponents/FNS_H_0000003392,"'phenylalanine'	'Fenilalanin'",
https://www.fns-cloud.eu/foodComponents/FNS_H_0000003393,"'Feniletilamin'	'phenylethylamine'",
https://www.fns-cloud.eu/foodComponents/FNS_H_0000003394,"'phospholipids, total'	'Skupni fosfolipidi'",
https://www.fns-cloud.eu/foodComponents/FNS_H_0000003395,"'phytosterols, total (total plant sterols)'	'Skupni fitosteroli (rastlinski steroli)'",
https://www.fns-cloud.eu/foodComponents/FNS_H_0000003396,"'phytic acid '	'Fitinska kislina'",
https://www.fns-cloud.eu/foodComponents/FNS_H_0000003397,"'piperine'	'Piperin'",
https://www.fns-cloud.eu/foodComponents/FNS_H_0000003398,"'polyols, total '",
https://www.fns-cloud.eu/foodComponents/FNS_H_0000003399,"'Običajni del/običajna porcija'	'usual portion'",
https://www.fns-cloud.eu/foodComponents/FNS_H_0000003400,"'Prolin'	'proline'",
https://www.fns-cloud.eu/foodComponents/FNS_H_0000003401,"'Propionska kislina'	'propionic acid'",
https://www.fns-cloud.eu/foodComponents/FNS_H_0000003402,"'protein, total'	'Skupne beljakovine'",
https://www.fns-cloud.eu/foodComponents/FNS_H_0000003403,"'protein, animal'	'Beljakovine živalskega izvora'",
https://www.fns-cloud.eu/foodComponents/FNS_H_0000003404,"'Beljakovine rastlinskega izvora'	'protein, plant'",
https://www.fns-cloud.eu/foodComponents/FNS_H_0000003405,"'Beljakovine neznanega izvora'	'protein, unknown origin'",
https://www.fns-cloud.eu/foodComponents/FNS_H_0000003406,"'Neškrobni necelulozni polisaharidi'	'non-starch polysaccharides, non-cellulosic'",
https://www.fns-cloud.eu/foodComponents/FNS_H_0000003407,"'non-starch polysaccharides, non-cellulosic, water-insoluble'	'Netopni neškrobni necelulozni polisaharidi'",
https://www.fns-cloud.eu/foodComponents/FNS_H_0000003408,"'non-starch polysaccharides, non-cellulosic, water-soluble'	'Topni neškrobni necelulozni polisaharidi'",
https://www.fns-cloud.eu/foodComponents/FNS_H_0000003409,"'polyuronic acids '",
https://www.fns-cloud.eu/foodComponents/FNS_H_0000003410,"'purines'	'Purini'",
https://www.fns-cloud.eu/foodComponents/FNS_H_0000003411,"'Putrescin'	'putrescine'",
https://www.fns-cloud.eu/foodComponents/FNS_H_0000003412,"'pyridoxal'	'Piridoksal'",
https://www.fns-cloud.eu/foodComponents/FNS_H_0000003413,"'Piridoksamin'	'pyridoxamine'",
https://www.fns-cloud.eu/foodComponents/FNS_H_0000003414,"'pyridoxine'	'Piridoksin'",
https://www.fns-cloud.eu/foodComponents/FNS_H_0000003415,"'Kvercetin'	'quercetin'",
https://www.fns-cloud.eu/foodComponents/FNS_H_0000003416,"'Rafinoza'	'raffinose'",
https://www.fns-cloud.eu/foodComponents/FNS_H_0000003417,"'Rubidij'	'rubidium'",
https://www.fns-cloud.eu/foodComponents/FNS_H_0000003418,"'retinaldehyde '",
https://www.fns-cloud.eu/foodComponents/FNS_H_0000003419,"'retinol (preformed vitamin A) '	'Retinol'",
https://www.fns-cloud.eu/foodComponents/FNS_H_0000003420,"'13-cis retinol '",
https://www.fns-cloud.eu/foodComponents/FNS_H_0000003421,"'all-trans retinol '",
https://www.fns-cloud.eu/foodComponents/FNS_H_0000003422,"'all-trans retinol equivalents'	'Ekvivalenti all-trans retinola'",
https://www.fns-cloud.eu/foodComponents/FNS_H_0000003423,"'dehydroretinol '",
https://www.fns-cloud.eu/foodComponents/FNS_H_0000003424,"'Vitamin B2 (riboflavin)'	'riboflavin'",
https://www.fns-cloud.eu/foodComponents/FNS_H_0000003425,"'ribose '",
https://www.fns-cloud.eu/foodComponents/FNS_H_0000003426,"'sulphur'	'Žveplo'",
https://www.fns-cloud.eu/foodComponents/FNS_H_0000003427,"'Kalcijev saharin'	'calcium-saccharin'",
https://www.fns-cloud.eu/foodComponents/FNS_H_0000003428,"'Salicilna kislina'	'salicylic acid'",
https://www.fns-cloud.eu/foodComponents/FNS_H_0000003429,"'Skupni selen'	'selenium, total'",
https://www.fns-cloud.eu/foodComponents/FNS_H_0000003430,"'Secoisolaricirezinol'	'secoisolariciresinol'",
https://www.fns-cloud.eu/foodComponents/FNS_H_0000003431,"'serine'	'Serin'",
https://www.fns-cloud.eu/foodComponents/FNS_H_0000003432,"'serotonin'	'Serotonin'",
https://www.fns-cloud.eu/foodComponents/FNS_H_0000003433,"'Oblika'	'shape'",
https://www.fns-cloud.eu/foodComponents/FNS_H_0000003434,"'silicon'	'Silicij'",
https://www.fns-cloud.eu/foodComponents/FNS_H_0000003435,"'sitosterol'	'Sitosterol'",
https://www.fns-cloud.eu/foodComponents/FNS_H_0000003436,"'solids, total'	'Skupne trdne snovi'",
https://www.fns-cloud.eu/foodComponents/FNS_H_0000003437,"'sorbic acid'	'Sorbična kislina'",
https://www.fns-cloud.eu/foodComponents/FNS_H_0000003438,"'sorbitol '	'Sorbit'",
https://www.fns-cloud.eu/foodComponents/FNS_H_0000003439,"'Spermidin'	'spermidine'",
https://www.fns-cloud.eu/foodComponents/FNS_H_0000003440,"'Spermin'	'spermine'",
https://www.fns-cloud.eu/foodComponents/FNS_H_0000003441,"'Spinasterol'	'spinasterol'",
https://www.fns-cloud.eu/foodComponents/FNS_H_0000003442,"'Sezonska kvaliteta'	'seasonal quality'",
https://www.fns-cloud.eu/foodComponents/FNS_H_0000003443,"'Škrob'	'starch, total '",
https://www.fns-cloud.eu/foodComponents/FNS_H_0000003444,"'starch, resistant '",
https://www.fns-cloud.eu/foodComponents/FNS_H_0000003445,"'Stahioza'	'stachyose'",
https://www.fns-cloud.eu/foodComponents/FNS_H_0000003446,"'sterols, other'	'Drugi steroli'",
https://www.fns-cloud.eu/foodComponents/FNS_H_0000003447,"'Skupni steroli'	'sterols, total'",
https://www.fns-cloud.eu/foodComponents/FNS_H_0000003448,"'stigmasterol'	'Stigmasterol'",
https://www.fns-cloud.eu/foodComponents/FNS_H_0000003449,"'Delta 7-stigmasterol'	'delta 7-stigmasterol'",
https://www.fns-cloud.eu/foodComponents/FNS_H_0000003450,"'Delta 7,9,11-stigmastadienol'	'delta 7,9,11-stigmastadienol'",
https://www.fns-cloud.eu/foodComponents/FNS_H_0000003451,"'Sukcinska kislina (jantarna kislina)'	'succinic acid'",
https://www.fns-cloud.eu/foodComponents/FNS_H_0000003452,"'Saharoza'	'sucrose '",
https://www.fns-cloud.eu/foodComponents/FNS_H_0000003453,"'Dodani sladkor'	'sugar, added'",
https://www.fns-cloud.eu/foodComponents/FNS_H_0000003454,"'Naravni sladkor'	'sugar, natural'",
https://www.fns-cloud.eu/foodComponents/FNS_H_0000003455,"'Skupni sladkorji'	'sugars, total'",
https://www.fns-cloud.eu/foodComponents/FNS_H_0000003456,"'tannin'	'Tanini'",
https://www.fns-cloud.eu/foodComponents/FNS_H_0000003457,"'Vinska kislina'	'tartaric acid'",
https://www.fns-cloud.eu/foodComponents/FNS_H_0000003458,"'taste'	'Okus'",
https://www.fns-cloud.eu/foodComponents/FNS_H_0000003459,"'theobromine'	'Teobromin'",
https://www.fns-cloud.eu/foodComponents/FNS_H_0000003460,"'thiamin'	'Vitamin B1 (tiamin)'",
https://www.fns-cloud.eu/foodComponents/FNS_H_0000003461,"'Treonin'	'threonine'",
https://www.fns-cloud.eu/foodComponents/FNS_H_0000003462,"'alpha-tocopherol'	'Alfa-tokoferol'",
https://www.fns-cloud.eu/foodComponents/FNS_H_0000003463,"'beta-tocopherol'	'Beta-tokoferol'",
https://www.fns-cloud.eu/foodComponents/FNS_H_0000003464,"'Delta-tokoferol'	'delta-tocopherol'",
https://www.fns-cloud.eu/foodComponents/FNS_H_0000003465,"'Gama-tokoferol'	'gamma-tocopherol'",
https://www.fns-cloud.eu/foodComponents/FNS_H_0000003466,"'Skupni tokoferoli'	'tocopherols, total'",
https://www.fns-cloud.eu/foodComponents/FNS_H_0000003467,"'alpha-tocotrienol'	'Alfa-tokotrienol'",
https://www.fns-cloud.eu/foodComponents/FNS_H_0000003468,"'Beta-tokotrienol'	'beta-tocotrienol'",
https://www.fns-cloud.eu/foodComponents/FNS_H_0000003469,"'delta-tocotrienol'	'Delta-tokotrienol'",
https://www.fns-cloud.eu/foodComponents/FNS_H_0000003470,"'gamma-tocotrienol'	'Gama-tokotrienol'",
https://www.fns-cloud.eu/foodComponents/FNS_H_0000003471,"'Skupni tokotrienoli'	'tocotrienols, total'",
https://www.fns-cloud.eu/foodComponents/FNS_H_0000003472,"'total ORAC'",
https://www.fns-cloud.eu/foodComponents/FNS_H_0000003473,"'total phenolics'",
https://www.fns-cloud.eu/foodComponents/FNS_H_0000003474,"'trehalose '	'Trehaloza'",
https://www.fns-cloud.eu/foodComponents/FNS_H_0000003475,"'Triptofan'	'tryptophan'",
https://www.fns-cloud.eu/foodComponents/FNS_H_0000003476,"'Triptamin'	'tryptamine'",
https://www.fns-cloud.eu/foodComponents/FNS_H_0000003477,"'Tirozin'	'tyrosine'",
https://www.fns-cloud.eu/foodComponents/FNS_H_0000003478,"'Tiramin'	'tyramine'",
https://www.fns-cloud.eu/foodComponents/FNS_H_0000003479,"'Valin'	'valine'",
https://www.fns-cloud.eu/foodComponents/FNS_H_0000003480,"'Vitamin A (ekvivalenti retinola)'	'vitamin A,  retinol equiv from retinol and carotenoid activities'",
https://www.fns-cloud.eu/foodComponents/FNS_H_0000003481,"'Vitamin A acetat'	'vitamin A acetate'",
https://www.fns-cloud.eu/foodComponents/FNS_H_0000003482,"'vitamin A palmitate'	'Vitamin A palmitat'",
https://www.fns-cloud.eu/foodComponents/FNS_H_0000003483,"'Vitamin B12 (kobalamin)'	'vitamin B-12'",
https://www.fns-cloud.eu/foodComponents/FNS_H_0000003484,"'vitamin B-6, total'	'Skupni vitamin B6'",
https://www.fns-cloud.eu/foodComponents/FNS_H_0000003485,"'Vitamin C'	'vitamin C'",
https://www.fns-cloud.eu/foodComponents/FNS_H_0000003486,"'Vitamin D'	'vitamin D'",
https://www.fns-cloud.eu/foodComponents/FNS_H_0000003487,"'vitamin E,  alpha-tocopherol equiv from E vitamer activities'	'Vitamin E (ekvivalenti alfa-tokoferola)'",
https://www.fns-cloud.eu/foodComponents/FNS_H_0000003488,"'vitamin K, total'	'Vitamin K (skupni)'",
https://www.fns-cloud.eu/foodComponents/FNS_H_0000003489,"'vitamin K-1'	'Vitamin K1 (filokinon)'",
https://www.fns-cloud.eu/foodComponents/FNS_H_0000003490,"'dihydro-vitamin K-1'	'Dihidrovitamin K1 (filohidrokinon)'",
https://www.fns-cloud.eu/foodComponents/FNS_H_0000003491,"'Vitamin K2 (menakinon)'	'vitamin K-2'",
https://www.fns-cloud.eu/foodComponents/FNS_H_0000003492,"'Odpadek'	'waste'",
https://www.fns-cloud.eu/foodComponents/FNS_H_0000003493,"'water'	'Voda'",
https://www.fns-cloud.eu/foodComponents/FNS_H_0000003494,"'Ksiloza'	'xylose '",
https://www.fns-cloud.eu/foodComponents/FNS_H_0000003495,"'xylitol '	'Ksilit'",
https://www.fns-cloud.eu/foodComponents/FNS_H_0000003496,"'Zeaksantin'	'zeaxanthin'",
https://www.fns-cloud.eu/foodComponents/FNS_H_0000003497,"'zinc'	'Cink'",
https://www.fns-cloud.eu/foodComponents/FNS_H_0000003498,"'Glikemična obremenitev'	'glycemic load'",
https://www.fns-cloud.eu/foodComponents/FNS_H_0000003499,"'color'	'Barva'",
https://www.fns-cloud.eu/foodComponents/FNS_H_0000003500,"'Probiotiki'	'probiotics'",
https://www.fns-cloud.eu/foodComponents/FNS_H_0000003501,"'carbon dioxide equivalent'	'Ekvivalent ogljikovega dioksida'",
https://www.fns-cloud.eu/foodComponents/FNS_H_0000003502,"'Lactobacillus acidophilus LA-05'	'Lactobacillus acidophilus LA-05'",
https://www.fns-cloud.eu/foodComponents/FNS_H_0000003503,"'Bifidobacterium animalis subsp. lactis'	'Bifidobacterium animalis subsp. lactis'",
https://www.fns-cloud.eu/foodComponents/FNS_H_0000003504,"'Bifidobacterium animalis DN-173 010'	'Bifidobacterium animalis DN-173 010'",
https://www.fns-cloud.eu/foodComponents/FNS_H_0000003505,"'Lactobacillus casei DN-114 001 '	'Lactobacillus casei DN-114 001 '",
https://www.fns-cloud.eu/foodComponents/FNS_H_0000003506,"'Lactobacillus rhamnosus GG'	'Lactobacillus rhamnosus GG'",
https://www.fns-cloud.eu/foodComponents/FNS_H_0000003507,"'Lactobacillus gasseri'	'Lactobacillus gasseri'",
https://www.fns-cloud.eu/foodComponents/FNS_H_0000003508,"'Bifidobacterium infantis'	'Bifidobacterium infantis'",
https://www.fns-cloud.eu/foodComponents/FNS_H_0000003509,"'Enterococcus faecalis'	'Enterococcus faecalis'",
https://www.fns-cloud.eu/foodComponents/FNS_H_0000003510,"'maltooligosaccharides'	'Maltooligosaharidi'",
https://www.fns-cloud.eu/foodComponents/FNS_H_0000003511,"'maltoheptaose'	'Maltoheptoza'",
https://www.fns-cloud.eu/foodComponents/FNS_H_0000003512,"'Maltoheksoza'	'maltohexaose'",
https://www.fns-cloud.eu/foodComponents/FNS_H_0000003513,"'maltopentaose'	'Maltopentoza'",
https://www.fns-cloud.eu/foodComponents/FNS_H_0000003514,"'maltotetraose'	'Maltotetraoza'",
https://www.fns-cloud.eu/foodComponents/FNS_H_0000003515,"'chitin'	'Hitin'",
https://www.fns-cloud.eu/foodComponents/FNS_H_0000003516,"'fibre, high molecular weight'	'Prehranska vlaknina z visoko molekulsko maso'",
https://www.fns-cloud.eu/foodComponents/FNS_H_0000003517,"'Netopna prehranska vlaknina z visoko molekulsko maso'	'fibre, high molecular weight, water-insoluble'",
https://www.fns-cloud.eu/foodComponents/FNS_H_0000003518,"'Topna prehranska vlaknina z visoko molekulsko maso'	'fibre, high molecular weight, water-soluble'",
https://www.fns-cloud.eu/foodComponents/FNS_H_0000003519,"'Prehranska vlaknina z nizko molekulsko maso'	'fibre, low molecular weight'",
https://www.fns-cloud.eu/foodComponents/FNS_H_0000003520,"'oligosaccharides, non-digestible'	'Neprebavljivi oligosaharidi'",
https://www.fns-cloud.eu/foodComponents/FNS_H_0000003521,"'Oligosaharidi morskih alg'	'algae derived marine oligosaccharides'",
https://www.fns-cloud.eu/foodComponents/FNS_H_0000003522,"'Hitooligosaharidi'	'chitooligosaccharides'",
https://www.fns-cloud.eu/foodComponents/FNS_H_0000003523,"'ajugose'	'Ajugoza'",
https://www.fns-cloud.eu/foodComponents/FNS_H_0000003524,"'verbascose'	'Verbaskoza'",
https://www.fns-cloud.eu/foodComponents/FNS_H_0000003525,"'arabinooligosaccharides'	'Arabinooligosaharidi'",
https://www.fns-cloud.eu/foodComponents/FNS_H_0000003526,"'cyclodextrins'	'Ciklodekstrini'",
https://www.fns-cloud.eu/foodComponents/FNS_H_0000003527,"'fructooligosaccharides'	'Fruktooligosaharidi'",
https://www.fns-cloud.eu/foodComponents/FNS_H_0000003528,"'fructooligosaccharides, graminan-type'	'Fruktooligosaharidi graminanskega tipa'",
https://www.fns-cloud.eu/foodComponents/FNS_H_0000003529,"'1,6-kestotetraoza'	'1,6-kestotetraose'",
https://www.fns-cloud.eu/foodComponents/FNS_H_0000003530,"'fructooligosaccharides, inulin-type'	'Fruktooligosaharidi inulinskega tipa'",
https://www.fns-cloud.eu/foodComponents/FNS_H_0000003531,"'1F-fruktofuranozilnistoza'	'1F--fructofuranosylnystose'",
https://www.fns-cloud.eu/foodComponents/FNS_H_0000003532,"'1-kestoza'	'1-kestose'",
https://www.fns-cloud.eu/foodComponents/FNS_H_0000003533,"'Nistoza'	'nystose'",
https://www.fns-cloud.eu/foodComponents/FNS_H_0000003534,"'6-kestose'	'6-kestoza'",
https://www.fns-cloud.eu/foodComponents/FNS_H_0000003535,"'Fruktooligosaharidi tipa neo'	'fructooligosaccharides, neo-type'",
https://www.fns-cloud.eu/foodComponents/FNS_H_0000003536,"'neokestose'	'Neokestoza'",
https://www.fns-cloud.eu/foodComponents/FNS_H_0000003537,"'Neonistoza'	'neonystose'",
https://www.fns-cloud.eu/foodComponents/FNS_H_0000003538,"'Galaktooligosaharidi'	'galactooligosaccharides'",
https://www.fns-cloud.eu/foodComponents/FNS_H_0000003539,"'Gentiooligosaharidi'	'gentiooligosaccharides'",
https://www.fns-cloud.eu/foodComponents/FNS_H_0000003540,"'human milk oligosaccharides'	'Oligosaharidi humanega mleka'",
https://www.fns-cloud.eu/foodComponents/FNS_H_0000003541,"'Izomaltooligosaharidi'	'isomaltooligosaccharides'",
https://www.fns-cloud.eu/foodComponents/FNS_H_0000003542,"'Izomaltotrioza'	'isomaltotriose'",
https://www.fns-cloud.eu/foodComponents/FNS_H_0000003543,"'Panoza'	'panose'",
https://www.fns-cloud.eu/foodComponents/FNS_H_0000003544,"'Laktosaharoza'	'lactosucrose'",
https://www.fns-cloud.eu/foodComponents/FNS_H_0000003545,"'maltosylfructosides'	'Maltozilfruktozidi'",
https://www.fns-cloud.eu/foodComponents/FNS_H_0000003546,"'erlose'	'Erloza'",
https://www.fns-cloud.eu/foodComponents/FNS_H_0000003547,"'Pektinski oligosaharidi'	'pectic oligosaccharides'",
https://www.fns-cloud.eu/foodComponents/FNS_H_0000003548,"'resistant maltooligosaccharides'	'Rezistentni maltooligosaharidi'",
https://www.fns-cloud.eu/foodComponents/FNS_H_0000003549,"'xylooligosaccharides'	'Ksilooligosaharidi'",
https://www.fns-cloud.eu/foodComponents/FNS_H_0000003550,"'Fruktani'	'fructan'",
https://www.fns-cloud.eu/foodComponents/FNS_H_0000003551,"'Agavin'	'agavin'",
https://www.fns-cloud.eu/foodComponents/FNS_H_0000003552,"'graminan'	'Graminan'",
https://www.fns-cloud.eu/foodComponents/FNS_H_0000003553,"'levan'	'Levan'",
https://www.fns-cloud.eu/foodComponents/FNS_H_0000003554,"'neo-inulin'	'Neo-inulin'",
https://www.fns-cloud.eu/foodComponents/FNS_H_0000003555,"'Neo-levan'	'neo-levan'",
https://www.fns-cloud.eu/foodComponents/FNS_H_0000003556,"'hemicellulose'	'Hemiceluloza'",
https://www.fns-cloud.eu/foodComponents/FNS_H_0000003557,"'beta glucans'	'Beta-glukani'",
https://www.fns-cloud.eu/foodComponents/FNS_H_0000003558,"'Glukomanan'	'glucomannan'",
https://www.fns-cloud.eu/foodComponents/FNS_H_0000003559,"'mannan'	'Manan'",
https://www.fns-cloud.eu/foodComponents/FNS_H_0000003560,"'xylan'	'Ksilan'",
https://www.fns-cloud.eu/foodComponents/FNS_H_0000003561,"'Arabinoksilan'	'arabinoxylan'",
https://www.fns-cloud.eu/foodComponents/FNS_H_0000003562,"'glucuronoarabinoxylan'	'Glukuronoarabinoksilan'",
https://www.fns-cloud.eu/foodComponents/FNS_H_0000003563,"'Ksiloglukan'	'xyloglucan'",
https://www.fns-cloud.eu/foodComponents/FNS_H_0000003564,"'polydextrose'	'Uredi'",
https://www.fns-cloud.eu/foodComponents/FNS_H_0000003565,"'starch, resistant RS1'	'Uredi'",
https://www.fns-cloud.eu/foodComponents/FNS_H_0000003566,"'Uredi'	'starch, resistant RS2'",
https://www.fns-cloud.eu/foodComponents/FNS_H_0000003567,"'starch, resistant RS3'	'Uredi'",
https://www.fns-cloud.eu/foodComponents/FNS_H_0000003568,"'starch, resistant RS4'	'Uredi'",
https://www.fns-cloud.eu/foodComponents/FNS_H_0000003569,"'Uredi'	'starch, resistant RS5'",
https://www.fns-cloud.eu/foodComponents/FNS_H_0000003570,"'Uredi'	'inositol diphosphate'",
https://www.fns-cloud.eu/foodComponents/FNS_H_0000003571,"'Uredi'	'inositol monophosphate'",
https://www.fns-cloud.eu/foodComponents/FNS_H_0000003572,"'Uredi'	'inositol pentaphosphate'",
https://www.fns-cloud.eu/foodComponents/FNS_H_0000003573,"'inositol tetraphosphate'	'Uredi'",
https://www.fns-cloud.eu/foodComponents/FNS_H_0000003574,"'Uredi'	'inositol triphosphate'",
https://www.fns-cloud.eu/foodComponents/FNS_H_0000003575,"'Uredi'	'maltitol'",
https://www.fns-cloud.eu/foodComponents/FNS_H_0000003576,"'mannose'	'Uredi'",
https://www.fns-cloud.eu/foodComponents/FNS_H_0000003577,"'Uredi'	'tagatose'",
https://www.fns-cloud.eu/foodComponents/FNS_H_0000003578,"'DO NOT USE (use FSUGAR instead)'	'sugar, free'",
https://www.fns-cloud.eu/foodComponents/FNS_H_0000003579,"'sugar, simple'	'Uredi'",
https://www.fns-cloud.eu/foodComponents/FNS_H_0000003580,"'Intenzivna sladila'	'sweteners'",
https://www.fns-cloud.eu/foodComponents/FNS_H_0000003581,"'Advantam'	'advantame'",
https://www.fns-cloud.eu/foodComponents/FNS_H_0000003582,"'aspartame-acesulfame salt'	'Aspartam-acesulfamova sol'",
https://www.fns-cloud.eu/foodComponents/FNS_H_0000003583,"'erythritol'	'Uredi'",
https://www.fns-cloud.eu/foodComponents/FNS_H_0000003584,"'Neohesperidin dihidrohalkon'	'neohesperidin dihydrochalcone'",
https://www.fns-cloud.eu/foodComponents/FNS_H_0000003585,"'Neotam'	'neotame'",
https://www.fns-cloud.eu/foodComponents/FNS_H_0000003586,"'Sirup poliglicitola'	'polyglycitol syrup'",
https://www.fns-cloud.eu/foodComponents/FNS_H_0000003587,"'saccharin'	'Saharin'",
https://www.fns-cloud.eu/foodComponents/FNS_H_0000003588,"'potassium-saccharin'	'Kalijev saharin'",
https://www.fns-cloud.eu/foodComponents/FNS_H_0000003589,"'sodium-saccharin'	'Natrijev saharin'",
https://www.fns-cloud.eu/foodComponents/FNS_H_0000003590,"'steviol glycosides'	'Steviol glikozidi'",
https://www.fns-cloud.eu/foodComponents/FNS_H_0000003591,"'dulcoside A'	'Dulkozid A'",
https://www.fns-cloud.eu/foodComponents/FNS_H_0000003592,"'Rebaudiozid A'	'rebaudioside A'",
https://www.fns-cloud.eu/foodComponents/FNS_H_0000003593,"'Rebaudiozid B'	'rebaudioside B'",
https://www.fns-cloud.eu/foodComponents/FNS_H_0000003594,"'rebaudioside C'	'Rebaudiozid C'",
https://www.fns-cloud.eu/foodComponents/FNS_H_0000003595,"'Rebaudiozid D'	'rebaudioside D'",
https://www.fns-cloud.eu/foodComponents/FNS_H_0000003596,"'Rebaudiozid E'	'rebaudioside E'",
https://www.fns-cloud.eu/foodComponents/FNS_H_0000003597,"'rebaudioside F'	'Rebaudiozid F'",
https://www.fns-cloud.eu/foodComponents/FNS_H_0000003598,"'rebaudioside M'	'Rebaudiozid M'",
https://www.fns-cloud.eu/foodComponents/FNS_H_0000003599,"'Rubusozid'	'rubusoside'",
https://www.fns-cloud.eu/foodComponents/FNS_H_0000003600,"'steviol'	'Steviol'",
https://www.fns-cloud.eu/foodComponents/FNS_H_0000003601,"'Steviolbiozid'	'steviolbioside'",
https://www.fns-cloud.eu/foodComponents/FNS_H_0000003602,"'stevioside'	'Steviozid'",
https://www.fns-cloud.eu/foodComponents/FNS_H_0000003603,"'Sukraloza'	'sucralose'",
https://www.fns-cloud.eu/foodComponents/FNS_H_0000003604,"'thaumatin'	'Tavmatin'",
https://www.fns-cloud.eu/foodComponents/FNS_H_0000003605,"'salatrims'	'Salatrimi (kratko- in dolgoverižne molekule acil triglicerida)'",
https://www.fns-cloud.eu/foodComponents/FNS_H_0000003606,"'Skupne cis MK'	'fatty acids, total cis'",
https://www.fns-cloud.eu/foodComponents/FNS_H_0000003607,"'Skupne omega-3 MK'	'fatty acids, total n-3'",
https://www.fns-cloud.eu/foodComponents/FNS_H_0000003608,"'Supne omega-6 MK'	'fatty acids, total n-6'",
https://www.fns-cloud.eu/foodComponents/FNS_H_0000003609,"'Skupne omega-9 MK'	'fatty acids, total n-9'",
https://www.fns-cloud.eu/foodComponents/FNS_H_0000003610,"'fatty acids, total trans n-3'	'Skupne trans omega-3 MK'",
https://www.fns-cloud.eu/foodComponents/FNS_H_0000003611,"'Astaksantin'	'astaxanthin'",
https://www.fns-cloud.eu/foodComponents/FNS_H_0000003612,"'Cis beta karoten'	'beta-carotene, cis'",
https://www.fns-cloud.eu/foodComponents/FNS_H_0000003613,"'beta-carotene, total'	'Skupni beta karoten'",
https://www.fns-cloud.eu/foodComponents/FNS_H_0000003614,"'capsanthin'	'Kapsantin'",
https://www.fns-cloud.eu/foodComponents/FNS_H_0000003615,"'Skupne trans omega-6 MK'	'fatty acids, total trans n-6'",
https://www.fns-cloud.eu/foodComponents/FNS_H_0000003616,"'fatty acids, total trans n-9'	'Skupne trans omega-9 MK'",
https://www.fns-cloud.eu/foodComponents/FNS_H_0000003617,"'Skupne nenasičene MK'	'fatty acids, total unsaturated'",
https://www.fns-cloud.eu/foodComponents/FNS_H_0000003618,"'fatty acid 14:1 n-9 cis'	'MK 14:1 omega-9 cis'",
https://www.fns-cloud.eu/foodComponents/FNS_H_0000003619,"'MK 14:1 trans'	'fatty acid 14:1 trans'",
https://www.fns-cloud.eu/foodComponents/FNS_H_0000003620,"'MK 15:1 cis'	'fatty acid 15:1 cis'",
https://www.fns-cloud.eu/foodComponents/FNS_H_0000003621,"'fatty acid 15:1 cis unknown position'	'MK 15:1 cis-neznan položaj '",
https://www.fns-cloud.eu/foodComponents/FNS_H_0000003622,"'MK 15:1 omega-9 cis'	'fatty acid 15:1 n-9 cis'",
https://www.fns-cloud.eu/foodComponents/FNS_H_0000003623,"'MK 15:1 trans'	'fatty acid 15:1 trans'",
https://www.fns-cloud.eu/foodComponents/FNS_H_0000003624,"'fatty acid 16:1 n-9 trans'	'MK 16:1 omega-9 trans'",
https://www.fns-cloud.eu/foodComponents/FNS_H_0000003625,"'fatty acid 17:1 cis'	'MK 17:1 cis'",
https://www.fns-cloud.eu/foodComponents/FNS_H_0000003626,"'MK 17:1 omega-9 cis'	'fatty acid 17:1 n-9 cis'",
https://www.fns-cloud.eu/foodComponents/FNS_H_0000003627,"'fatty acid 17:1 trans'	'MK 17:1 trans'",
https://www.fns-cloud.eu/foodComponents/FNS_H_0000003628,"'fatty acid 18:1 (n<4) cis'	'MK 18:1 (omega<4) cis'",
https://www.fns-cloud.eu/foodComponents/FNS_H_0000003629,"'MK 18:1 cis preostanek'	'fatty acid 18:1 cis, remainder'",
https://www.fns-cloud.eu/foodComponents/FNS_H_0000003630,"'MK 19:1'	'fatty acid 19:1 (nonadecenoic acid)'",
https://www.fns-cloud.eu/foodComponents/FNS_H_0000003631,"'fatty acid 19:1 cis'	'MK 19:1 cis'",
https://www.fns-cloud.eu/foodComponents/FNS_H_0000003632,"'fatty acid 19:1 trans'	'MK 19:1 trans'",
https://www.fns-cloud.eu/foodComponents/FNS_H_0000003633,"'fatty acid 20:1 n-7 cis'	'MK 20:1 omega-7 cis'",
https://www.fns-cloud.eu/foodComponents/FNS_H_0000003634,"'MK 22:1 trans'	'fatty acid 22:1 trans'",
https://www.fns-cloud.eu/foodComponents/FNS_H_0000003635,"'MK 24:1 cis'	'fatty acid 24:1 cis'",
https://www.fns-cloud.eu/foodComponents/FNS_H_0000003636,"'fatty acid 24:1 trans'	'MK 24:1 trans'",
https://www.fns-cloud.eu/foodComponents/FNS_H_0000003637,"'Preostale enkrat nenasičene MK'	'fatty acids, monounsaturated, remainder'",
https://www.fns-cloud.eu/foodComponents/FNS_H_0000003638,"'fatty acid 16:2 n-4 cis,cis'	'MK 16:2 omega-4 cis,cis'",
https://www.fns-cloud.eu/foodComponents/FNS_H_0000003639,"'MK 16:3 omega-3 vse cis'	'fatty acid 16:3 n-3 all-cis'",
https://www.fns-cloud.eu/foodComponents/FNS_H_0000003640,"'MK 16:4 omega-3 vse cis'	'fatty acid 16:4 n-3 all-cis'",
https://www.fns-cloud.eu/foodComponents/FNS_H_0000003641,"'Konjugirana MK 18:2 c9, t11'	'fatty acid 18:2 conjugated, c9,t11'",
https://www.fns-cloud.eu/foodComponents/FNS_H_0000003642,"'Konjugirana MK 18:2 t10, c12'	'fatty acid 18:2 conjugated, t10,c12'",
https://www.fns-cloud.eu/foodComponents/FNS_H_0000003643,"'fatty acid 18:2, n-6 or n-9 not known'	'MK 18:2 neznan omega-6 ali omega-9'",
https://www.fns-cloud.eu/foodComponents/FNS_H_0000003644,"'MK 18:3 trans'	'fatty acid 18:3 trans'",
https://www.fns-cloud.eu/foodComponents/FNS_H_0000003645,"'MK 19:3'	'fatty acid 19:3'",
https://www.fns-cloud.eu/foodComponents/FNS_H_0000003646,"'fatty acid 20:2 n-6 trans,trans'	'MK 20:2 omega-6 trans,trans'",
https://www.fns-cloud.eu/foodComponents/FNS_H_0000003647,"'MK 20:2 trans,trans'	'fatty acid 20:2 trans,trans'",
https://www.fns-cloud.eu/foodComponents/FNS_H_0000003648,"'MK 20:3 trans'	'fatty acid 20:3 trans'",
https://www.fns-cloud.eu/foodComponents/FNS_H_0000003649,"'Uredi'	'fatty acid 20:4 n-3 all-cis'",
https://www.fns-cloud.eu/foodComponents/FNS_H_0000003650,"'MK 20:4 trans'	'fatty acid 20:4 trans'",
https://www.fns-cloud.eu/foodComponents/FNS_H_0000003651,"'fatty acid 21:5 n-3 (heneicosapentaenoic acid)'	'Uredi'",
https://www.fns-cloud.eu/foodComponents/FNS_H_0000003652,"'fatty acid 22:2 trans'	'MK 22:2 trans'",
https://www.fns-cloud.eu/foodComponents/FNS_H_0000003653,"'fatty acid 22:3'	'MK 22:3'",
https://www.fns-cloud.eu/foodComponents/FNS_H_0000003654,"'fatty acid 22:5 trans'	'MK 22:6 trans'",
https://www.fns-cloud.eu/foodComponents/FNS_H_0000003655,"'MK 22:6 trans'	'fatty acid 22:6 trans'",
https://www.fns-cloud.eu/foodComponents/FNS_H_0000003656,"'MK 24:2'	'fatty acid 24:2 (tetracosadienoic acid)'",
https://www.fns-cloud.eu/foodComponents/FNS_H_0000003657,"'fatty acid 24:2 n-6'	'MK 24:2 omega-6'",
https://www.fns-cloud.eu/foodComponents/FNS_H_0000003658,"'MK 24:6'	'fatty acid 24:6 (tetracosahexaenoic acid)'",
https://www.fns-cloud.eu/foodComponents/FNS_H_0000003659,"'Uredi'	'fatty acid 24:6 n-3 all-cis'",
https://www.fns-cloud.eu/foodComponents/FNS_H_0000003660,"'fatty acids, polyunsaturated, total C20'	'Uredi'",
https://www.fns-cloud.eu/foodComponents/FNS_H_0000003661,"'Uredi'	'fatty acids, polyunsaturated, total C22'",
https://www.fns-cloud.eu/foodComponents/FNS_H_0000003662,"'Skupne cis večkrat nenasičene MK'	'fatty acids, polyunsaturated, total cis'",
https://www.fns-cloud.eu/foodComponents/FNS_H_0000003663,"'Uredi'	'fatty acids, polyunsaturated, total cis methylene-interrupted'",
https://www.fns-cloud.eu/foodComponents/FNS_H_0000003664,"'fatty acids, polyunsaturated, total cis n-3'	'Skupne cis omega-3 večkrat nenasičene MK'",
https://www.fns-cloud.eu/foodComponents/FNS_H_0000003665,"'fatty acids, polyunsaturated, total cis n-6'	'Skupne cis omega-6 večkrat nenasičene MK'",
https://www.fns-cloud.eu/foodComponents/FNS_H_0000003666,"'Skupne dolgoverižne omega-3 večkrat nenasičene MK'	'fatty acids, polyunsaturated, total n-3 long-chain'",
https://www.fns-cloud.eu/foodComponents/FNS_H_0000003667,"'fatty acids, polyunsaturated, total trans'	'Skupne trans večkrat nenasičene MK'",
https://www.fns-cloud.eu/foodComponents/FNS_H_0000003668,"'Skupne trans omega-3 večkrat nenasičene MK'	'fatty acids, polyunsaturated, total trans n-3'",
https://www.fns-cloud.eu/foodComponents/FNS_H_0000003669,"'Skupne trans omega-6 večkrat nenasičene MK'	'fatty acids, polyunsaturated, total trans n-6'",
https://www.fns-cloud.eu/foodComponents/FNS_H_0000003670,"'Uredi'	'fatty acid 16:0 (trimethyltridecanoic acid)'",
https://www.fns-cloud.eu/foodComponents/FNS_H_0000003671,"'Uredi'	'fatty acid 18:0 dihydroxy'",
https://www.fns-cloud.eu/foodComponents/FNS_H_0000003672,"'Uredi'	'fatty acid 19:0 (pristanic acid)'",
https://www.fns-cloud.eu/foodComponents/FNS_H_0000003673,"'fatty acid 20:0 (phytanic acid)'	'Uredi'",
https://www.fns-cloud.eu/foodComponents/FNS_H_0000003674,"'Maščobna kislina 25:0 (pentakozanojska kislina)'	'fatty acid 25:0'",
https://www.fns-cloud.eu/foodComponents/FNS_H_0000003675,"'Maščobna kislina 5:0 (valerična kislina)'	'fatty acid 5:0'",
https://www.fns-cloud.eu/foodComponents/FNS_H_0000003676,"'fatty acid 7:0'	'Maščobna kislina 7:0 (heptanojska kislina)'",
https://www.fns-cloud.eu/foodComponents/FNS_H_0000003677,"'fatty acid 9:0'	'Pelargonska kislina (MK 9:0)'",
https://www.fns-cloud.eu/foodComponents/FNS_H_0000003678,"'Uredi'	'plasmalogen'",
https://www.fns-cloud.eu/foodComponents/FNS_H_0000003679,"'Uredi'	'sphingolipid'",
https://www.fns-cloud.eu/foodComponents/FNS_H_0000003680,"'Uredi'	'11-cis-retinaldehyde'",
https://www.fns-cloud.eu/foodComponents/FNS_H_0000003681,"'Uredi'	'13-cis-retinoic acid'",
https://www.fns-cloud.eu/foodComponents/FNS_H_0000003682,"'Uredi'	'retinoic acid'",
https://www.fns-cloud.eu/foodComponents/FNS_H_0000003683,"'phosphorus pentoxide'	'Fosforjev pentoksid'",
https://www.fns-cloud.eu/foodComponents/FNS_H_0000003684,"'salt, added'	'Dodana sol'",
https://www.fns-cloud.eu/foodComponents/FNS_H_0000003685,"'antimony'	'Antimon'",
https://www.fns-cloud.eu/foodComponents/FNS_H_0000003686,"'barium'	'Barij'",
https://www.fns-cloud.eu/foodComponents/FNS_H_0000003687,"'Bizmut'	'bismuth'",
https://www.fns-cloud.eu/foodComponents/FNS_H_0000003688,"'caesium'	'Cezij'",
https://www.fns-cloud.eu/foodComponents/FNS_H_0000003689,"'gold'	'Zlato'",
https://www.fns-cloud.eu/foodComponents/FNS_H_0000003690,"'lanthanum'	'Lantan'",
https://www.fns-cloud.eu/foodComponents/FNS_H_0000003691,"'lithium'	'Litij'",
https://www.fns-cloud.eu/foodComponents/FNS_H_0000003692,"'silver'	'Srebro'",
https://www.fns-cloud.eu/foodComponents/FNS_H_0000003693,"'Stroncij'	'strontium'",
https://www.fns-cloud.eu/foodComponents/FNS_H_0000003694,"'Kositer'	'tin'",
https://www.fns-cloud.eu/foodComponents/FNS_H_0000003695,"'titanium'	'Titan'",
https://www.fns-cloud.eu/foodComponents/FNS_H_0000003696,"'vanadium'	'Vanadij'",
https://www.fns-cloud.eu/foodComponents/FNS_H_0000003697,"'hydroxylysine'	'Hidroksilizin'",
https://www.fns-cloud.eu/foodComponents/FNS_H_0000003698,"'taurine'	'Tavrin'",
https://www.fns-cloud.eu/foodComponents/FNS_H_0000003699,"'adenine'	'Adenin'",
https://www.fns-cloud.eu/foodComponents/FNS_H_0000003700,"'Sečna kislina'	'uric acid'",
https://www.fns-cloud.eu/foodComponents/FNS_H_0000003701,"'Dušik iz aminokislin'	'nitrogen, amino acid'",
https://www.fns-cloud.eu/foodComponents/FNS_H_0000003702,"'aconitic acid'	'Akonitinska kislina'",
https://www.fns-cloud.eu/foodComponents/FNS_H_0000003703,"'Adipinska kislina'	'adipic acid'",
https://www.fns-cloud.eu/foodComponents/FNS_H_0000003704,"'alpha-ketoglutaric acid'	'Alfa ketoglutarična kislina'",
https://www.fns-cloud.eu/foodComponents/FNS_H_0000003705,"'Kofeinska kislina'	'caffeic acid'",
https://www.fns-cloud.eu/foodComponents/FNS_H_0000003706,"'chlorogenic acid'	'Klorogenska kislina'",
https://www.fns-cloud.eu/foodComponents/FNS_H_0000003707,"'Ferulična kislina'	'ferulic acid'",
https://www.fns-cloud.eu/foodComponents/FNS_H_0000003708,"'formic acid'	'Mravljinčna kislina'",
https://www.fns-cloud.eu/foodComponents/FNS_H_0000003709,"'galacturonic acid'	'Galakturonska kislina'",
https://www.fns-cloud.eu/foodComponents/FNS_H_0000003710,"'gallic acid'	'Galna kislina'",
https://www.fns-cloud.eu/foodComponents/FNS_H_0000003711,"'Glukonska kislina'	'gluconic acid'",
https://www.fns-cloud.eu/foodComponents/FNS_H_0000003712,"'glycolic acid'	'Glikolna kislina'",
https://www.fns-cloud.eu/foodComponents/FNS_H_0000003713,"'Glioksalna kislina'	'glyoxalic acid'",
https://www.fns-cloud.eu/foodComponents/FNS_H_0000003714,"'malonic acid'	'Malonska kislina'",
https://www.fns-cloud.eu/foodComponents/FNS_H_0000003715,"'oxaloacetic acid'	'Oksalocetna kislina'",
https://www.fns-cloud.eu/foodComponents/FNS_H_0000003716,"'para-hydroxybenzoic acid'	'Para-hidroksibenzojska kislina'",
https://www.fns-cloud.eu/foodComponents/FNS_H_0000003717,"'pimelic acid'	'Pimelična kislina'",
https://www.fns-cloud.eu/foodComponents/FNS_H_0000003718,"'pyroglutamic acid'	'Piroglutaminska kislina'",
https://www.fns-cloud.eu/foodComponents/FNS_H_0000003719,"'pyruvic acid'	'Piruvična kislina'",
https://www.fns-cloud.eu/foodComponents/FNS_H_0000003720,"'Kvinolinska kislina'	'quinolinic acid'",
https://www.fns-cloud.eu/foodComponents/FNS_H_0000003721,"'shikimic acid'	'Šikiminska kislina'",
https://www.fns-cloud.eu/foodComponents/FNS_H_0000003722,"'Skupni antocianidini'	'anthocyanidins, total'",
https://www.fns-cloud.eu/foodComponents/FNS_H_0000003723,"'cyanidin'	'Cianidin'",
https://www.fns-cloud.eu/foodComponents/FNS_H_0000003724,"'delphinidin'	'Delfinidin'",
https://www.fns-cloud.eu/foodComponents/FNS_H_0000003725,"'malvidin'	'Malvidin'",
https://www.fns-cloud.eu/foodComponents/FNS_H_0000003726,"'Peonidin'	'peonidin'",
https://www.fns-cloud.eu/foodComponents/FNS_H_0000003727,"'petunidin'	'Petunidin'",
https://www.fns-cloud.eu/foodComponents/FNS_H_0000003728,"'catechins, total'	'Skupni katehini'",
https://www.fns-cloud.eu/foodComponents/FNS_H_0000003729,"'epicatechin-3-gallate'	'Epikatehin-3-galat'",
https://www.fns-cloud.eu/foodComponents/FNS_H_0000003730,"'Epigalokatehin'	'epigallocatechin'",
https://www.fns-cloud.eu/foodComponents/FNS_H_0000003731,"'gallocatechin'	'Galokatehin'",
https://www.fns-cloud.eu/foodComponents/FNS_H_0000003732,"'Skupni procianidini'	'procyanidins, total'",
https://www.fns-cloud.eu/foodComponents/FNS_H_0000003733,"'hesperetin'	'Hesperetin'",
https://www.fns-cloud.eu/foodComponents/FNS_H_0000003734,"'hesperidin'	'Hesperidin'",
https://www.fns-cloud.eu/foodComponents/FNS_H_0000003735,"'naringenin'	'Naringenin'",
https://www.fns-cloud.eu/foodComponents/FNS_H_0000003736,"'Naringin'	'naringin'",
https://www.fns-cloud.eu/foodComponents/FNS_H_0000003737,"'Narirutin'	'narirutin'",
https://www.fns-cloud.eu/foodComponents/FNS_H_0000003738,"'tangeretin'	'Tangeretin'",
https://www.fns-cloud.eu/foodComponents/FNS_H_0000003739,"'rutin'	'Rutin'",
https://www.fns-cloud.eu/foodComponents/FNS_H_0000003740,"'Fruktooligosaharidi levanskega tipa'	'fructooligosaccharides, levan-type'",
https://www.fns-cloud.eu/foodComponents/FNS_H_0000003741,"'carotenoids, provitamin A, excluding beta-carotene'	'Karotenoidi (provitamin A brez beta-karotena)'",
https://www.fns-cloud.eu/foodComponents/FNS_H_0000003742,"'25-hydroxyergocalciferol'	'25-hidroksiergokalciferol'",
https://www.fns-cloud.eu/foodComponents/FNS_H_0000003743,"'10-formyldihydrofolate'	'10-formildihidrofolat'",
https://www.fns-cloud.eu/foodComponents/FNS_H_0000003744,"'10-formylfolic acid'	'10-formilfolna kislina'",
https://www.fns-cloud.eu/foodComponents/FNS_H_0000003745,"'5-formyltetrahydrofolic acid'	'5-metiltetrahidrofolna kislina'",
https://www.fns-cloud.eu/foodComponents/FNS_H_0000003746,"'5-methyldihydrofolic acid'	'5-metildihidrofolna kislina'",
https://www.fns-cloud.eu/foodComponents/FNS_H_0000003747,"'5-methyltetrahydrofolate'	'5-metiltetrahidrofolat'",
https://www.fns-cloud.eu/foodComponents/FNS_H_0000003748,"'Dihidrofolna kislina'	'dihydrofolic acid'",
https://www.fns-cloud.eu/foodComponents/FNS_H_0000003749,"'Uredi'	'folate, food'",
https://www.fns-cloud.eu/foodComponents/FNS_H_0000003750,"'tetrahydrofolate'	'Tetrahidrofolat'",
https://www.fns-cloud.eu/foodComponents/FNS_H_0000003751,"'2-(1-hydroxyethyl)thiamin'	'2-(1-hidroksimetil) tiamin'",
https://www.fns-cloud.eu/foodComponents/FNS_H_0000003752,"'Nikotinamid'	'nicotinamide'",
https://www.fns-cloud.eu/foodComponents/FNS_H_0000003753,"'Nikotinska kislina'	'nicotinic acid'",
https://www.fns-cloud.eu/foodComponents/FNS_H_0000003754,"'pyridoxal hydrochloride'	'Piridoksal hidroklorid'",
https://www.fns-cloud.eu/foodComponents/FNS_H_0000003755,"'pyridoxamine hydrochloride'	'Piridoksamin hidroklorid'",
https://www.fns-cloud.eu/foodComponents/FNS_H_0000003756,"'pyridoxine hydrochloride'	'Piridoksin hidroklorid'",
https://www.fns-cloud.eu/foodComponents/FNS_H_0000003757,"'thiamin chloride'	'Tiamin klorid'",
https://www.fns-cloud.eu/foodComponents/FNS_H_0000003758,"'Tiamin klorid hidroklorid'	'thiamin chloride hydrochloride'",
https://www.fns-cloud.eu/foodComponents/FNS_H_0000003759,"'Uredi'	'thiamin(1+) ion'",
https://www.fns-cloud.eu/foodComponents/FNS_H_0000003760,"'Prosti sladkorji'	'Free sugar'",
https://www.fns-cloud.eu/foodComponents/FNS_H_0000003761,"'Carbohydrate components'	'Carbohydrate components'",
https://www.fns-cloud.eu/foodComponents/FNS_H_0000003762,"'Food additives'	'Food additives'",
https://www.fns-cloud.eu/foodComponents/FNS_H_0000003763,"'Food properties and measures'	'Food properties and measures'",
https://www.fns-cloud.eu/foodComponents/FNS_H_0000003764,"'Lipid components'	'Lipid components'",
https://www.fns-cloud.eu/foodComponents/FNS_H_0000003765,"'Minerals and inorganic components'	'Minerals and inorganic components'",
https://www.fns-cloud.eu/foodComponents/FNS_H_0000003766,"'Nitrogen components'	'Nitrogen components'",
https://www.fns-cloud.eu/foodComponents/FNS_H_0000003767,"'Organic acids'	'Organic acids'",
https://www.fns-cloud.eu/foodComponents/FNS_H_0000003768,"'Phenolic components'	'Phenolic components'",
https://www.fns-cloud.eu/foodComponents/FNS_H_0000003769,"'Proximates'	'Proximates'",
https://www.fns-cloud.eu/foodComponents/FNS_H_0000003770,"'Vitamins'	'Vitamins'",
https://www.fns-cloud.eu/foodComponents/FNS_H_0000003771,"'Fibre'",
https://www.fns-cloud.eu/foodComponents/FNS_H_0000003772,"'Oligosaccharides'",
https://www.fns-cloud.eu/foodComponents/FNS_H_0000003773,"'Polysaccharide analogues'",
https://www.fns-cloud.eu/foodComponents/FNS_H_0000003774,"'Polysaccharides'",
https://www.fns-cloud.eu/foodComponents/FNS_H_0000003775,"'Starch'",
https://www.fns-cloud.eu/foodComponents/FNS_H_0000003776,"'Sugar alcohols'",
https://www.fns-cloud.eu/foodComponents/FNS_H_0000003777,"'Sugars'",
https://www.fns-cloud.eu/foodComponents/FNS_H_0000003778,"'Disaccharides'",
https://www.fns-cloud.eu/foodComponents/FNS_H_0000003779,"'Monosaccharides'",
https://www.fns-cloud.eu/foodComponents/FNS_H_0000003780,"'Sugars in fibre'",
https://www.fns-cloud.eu/foodComponents/FNS_H_0000003781,"'Carotenoids'",
https://www.fns-cloud.eu/foodComponents/FNS_H_0000003782,"'Fats'",
https://www.fns-cloud.eu/foodComponents/FNS_H_0000003783,"'fat expressed as triacyl glycerol (TAG)'",
https://www.fns-cloud.eu/foodComponents/FNS_H_0000003784,"'Fatty acids'",
https://www.fns-cloud.eu/foodComponents/FNS_H_0000003785,"'Fatty acids general'",
https://www.fns-cloud.eu/foodComponents/FNS_H_0000003786,"'Monounsaturated fatty acids'",
https://www.fns-cloud.eu/foodComponents/FNS_H_0000003787,"'Polyunsaturated fatty acids'",
https://www.fns-cloud.eu/foodComponents/FNS_H_0000003788,"'Saturated fatty acids'",
https://www.fns-cloud.eu/foodComponents/FNS_H_0000003789,"'Phospho- and glycolipids'",
https://www.fns-cloud.eu/foodComponents/FNS_H_0000003790,"'Retinoids'",
https://www.fns-cloud.eu/foodComponents/FNS_H_0000003791,"'Sterols'",
https://www.fns-cloud.eu/foodComponents/FNS_H_0000003792,"'Macroelements'",
https://www.fns-cloud.eu/foodComponents/FNS_H_0000003793,"'Trace elements'",
https://www.fns-cloud.eu/foodComponents/FNS_H_0000003794,"'Amines and related components'",
https://www.fns-cloud.eu/foodComponents/FNS_H_0000003795,"'Amino acids'",
https://www.fns-cloud.eu/foodComponents/FNS_H_0000003796,"'Nitrogen heterocycle components'",
https://www.fns-cloud.eu/foodComponents/FNS_H_0000003797,"'Proteins'",
https://www.fns-cloud.eu/foodComponents/FNS_H_0000003798,"'Capsaicinoids'",
https://www.fns-cloud.eu/foodComponents/FNS_H_0000003799,"'Flavonoids'",
https://www.fns-cloud.eu/foodComponents/FNS_H_0000003800,"'Anthocyanidins and anthocyanins'",
https://www.fns-cloud.eu/foodComponents/FNS_H_0000003801,"'Flavanols'",
https://www.fns-cloud.eu/foodComponents/FNS_H_0000003802,"'Flavanones'",
https://www.fns-cloud.eu/foodComponents/FNS_H_0000003803,"'Flavones'",
https://www.fns-cloud.eu/foodComponents/FNS_H_0000003804,"'Flavonols'",
https://www.fns-cloud.eu/foodComponents/FNS_H_0000003805,"'Phytoestrogens'",
https://www.fns-cloud.eu/foodComponents/FNS_H_0000003806,"'Isoflavonoids'",
https://www.fns-cloud.eu/foodComponents/FNS_H_0000003807,"'Lignans'",
https://www.fns-cloud.eu/foodComponents/FNS_H_0000003808,"'Fat soluble vitamins'",
https://www.fns-cloud.eu/foodComponents/FNS_H_0000003809,"'Vitamin A and related components'",
https://www.fns-cloud.eu/foodComponents/FNS_H_0000003810,"'Carotenoids'",
https://www.fns-cloud.eu/foodComponents/FNS_H_0000003811,"'Retinoids'",
https://www.fns-cloud.eu/foodComponents/FNS_H_0000003812,"'Vitamin D components'",
https://www.fns-cloud.eu/foodComponents/FNS_H_0000003813,"'Vitamin E components'",
https://www.fns-cloud.eu/foodComponents/FNS_H_0000003814,"'Vitamin K components'",
https://www.fns-cloud.eu/foodComponents/FNS_H_0000003815,"'Water soluble vitamins'",
https://www.fns-cloud.eu/foodComponents/FNS_H_0000003816,"'Folate components'",
https://www.fns-cloud.eu/foodComponents/FNS_H_0000003817,"'Vitamin B components'",
https://www.fns-cloud.eu/foodComponents/FNS_H_0000003818,"'Vitamin C components'",
http://www.w3.org/2000/01/rdf-schema#comment,,
http://www.w3.org/2000/01/rdf-schema#label,,
https://www.fns-cloud.eu/foodComponents/FNS_H_0000003000,"'has_EUROFIR_code'",
https://www.fns-cloud.eu/foodComponents/FNS_H_0000003001,"'has_SI_label'",
https://www.fns-cloud.eu/foodComponents/FNS_H_0000003002,"'maps_to_AUS_database'",
https://www.fns-cloud.eu/foodComponents/FNS_H_0000003003,"'maps_to_ChEBI'",
https://www.fns-cloud.eu/foodComponents/FNS_H_0000003004,"'maps_to_DK_database'",
https://www.fns-cloud.eu/foodComponents/FNS_H_0000003005,"'maps_to_FR_database'",
https://www.fns-cloud.eu/foodComponents/FNS_H_0000003006,"'maps_to_NL_database'",
https://www.fns-cloud.eu/foodComponents/FNS_H_0000003007,"'maps_to_UK_database'",
https://www.fns-cloud.eu/foodComponents/FNS_H_0000003008,"'maps_to_US_database'",
http://www.w3.org/1999/02/22-rdf-syntax-ns#PlainLiteral,,
http://www.w3.org/2001/XMLSchema#string,,
