Entity,http://www.w3.org/2000/01/rdf-schema#label,https://www.fns-cloud.eu/foodComponents/FNS_H_0000003000,
https://www.fns-cloud.eu/foodComponents/FNS_H_0000003010,"'acetic acid'	'Ocetna kislina'","'ACEAC'",
https://www.fns-cloud.eu/foodComponents/FNS_H_0000003011,"'acesulfame-K'	'Kalijev acesulfam'","'ACESK'",
https://www.fns-cloud.eu/foodComponents/FNS_H_0000003012,"'aluminium'	'Aluminij'","'AL'",
https://www.fns-cloud.eu/foodComponents/FNS_H_0000003013,"'alanine'	'Alanin'","'ALA'",
https://www.fns-cloud.eu/foodComponents/FNS_H_0000003014,"'Albumin'	'albumin'","'ALBU'",
https://www.fns-cloud.eu/foodComponents/FNS_H_0000003015,"'Alkohol'	'alcohol'","'ALC'",
https://www.fns-cloud.eu/foodComponents/FNS_H_0000003016,"'ammonia'	'Amonijak'","'AMMON'",
https://www.fns-cloud.eu/foodComponents/FNS_H_0000003017,"'amylopectin'","'AMYP'",
https://www.fns-cloud.eu/foodComponents/FNS_H_0000003018,"'amylose'	'Amiloza'","'AMYS'",
https://www.fns-cloud.eu/foodComponents/FNS_H_0000003019,"'apigenin'	'Apigenin'","'APIGEN'",
https://www.fns-cloud.eu/foodComponents/FNS_H_0000003020,"'arabinose'	'Arabinoza'","'ARAS'",
https://www.fns-cloud.eu/foodComponents/FNS_H_0000003021,"'Arginin'	'arginine'","'ARG'",
https://www.fns-cloud.eu/foodComponents/FNS_H_0000003022,"'arsenic'	'Arzen'","'AS'",
https://www.fns-cloud.eu/foodComponents/FNS_H_0000003023,"'L-dehydroascorbic acid'","'ASCDL'",
https://www.fns-cloud.eu/foodComponents/FNS_H_0000003024,"'L-askorbinska kislina'	'L-ascorbic acid'","'ASCL'",
https://www.fns-cloud.eu/foodComponents/FNS_H_0000003025,"'Pepel'	'ash'","'ASH'",
https://www.fns-cloud.eu/foodComponents/FNS_H_0000003026,"'asparagine'	'Asparagin'","'ASN'",
https://www.fns-cloud.eu/foodComponents/FNS_H_0000003027,"'Asparaginska kislina (asparagin)'	'aspartic acid'","'ASP'",
https://www.fns-cloud.eu/foodComponents/FNS_H_0000003028,"'aspartame'	'Aspartam'","'ASPM'",
https://www.fns-cloud.eu/foodComponents/FNS_H_0000003029,"'Delta 5-avenasterol (Delta 5-avenastenol)'	'delta 5-avenasterol (delta 5-avenastenol)'","'AVED5'",
https://www.fns-cloud.eu/foodComponents/FNS_H_0000003030,"'delta 7-avenasterol (delta 7-avenastenol)'	'Delta 7-avenasterol (Delta 7-avenastenol)'","'AVED7'",
https://www.fns-cloud.eu/foodComponents/FNS_H_0000003031,"'avenasterol, total'	'Avenasterol'","'AVEDT'",
https://www.fns-cloud.eu/foodComponents/FNS_H_0000003032,"'Bor'	'boron'","'B'",
https://www.fns-cloud.eu/foodComponents/FNS_H_0000003033,"'Benzojska kislina'	'benzoic acid'","'BENAC'",
https://www.fns-cloud.eu/foodComponents/FNS_H_0000003034,"'Biohanin A'	'biochanin A'","'BIOCHA'",
https://www.fns-cloud.eu/foodComponents/FNS_H_0000003035,"'Vitamin B7 (biotin)'	'biotin'","'BIOT'",
https://www.fns-cloud.eu/foodComponents/FNS_H_0000003036,"'brassicasterol'	'Brasikasterol'","'BRASTR'",
https://www.fns-cloud.eu/foodComponents/FNS_H_0000003037,"'Brom'	'bromide'","'BRD'",
https://www.fns-cloud.eu/foodComponents/FNS_H_0000003038,"'calcium'	'Kalcij, Ca'","'CA'",
https://www.fns-cloud.eu/foodComponents/FNS_H_0000003039,"'Kadaverin'	'cadaverine'","'CADAVT'",
https://www.fns-cloud.eu/foodComponents/FNS_H_0000003040,"'caffeine'	'Kofein'","'CAFFN'",
https://www.fns-cloud.eu/foodComponents/FNS_H_0000003041,"'Delta 5-campesterol (Delta 5-campestenol)'	'delta 5-campesterol (delta 5-campestenol)'","'CAMD5'",
https://www.fns-cloud.eu/foodComponents/FNS_H_0000003042,"'Delta 7-kampesterol (Delta 7-kampestenol)'	'delta 7-campesterol (delta 7-campestenol)'","'CAMD7'",
https://www.fns-cloud.eu/foodComponents/FNS_H_0000003043,"'Skupni kampesterol'	'campesterol, total'","'CAMT'",
https://www.fns-cloud.eu/foodComponents/FNS_H_0000003044,"'canthaxanthin'	'Kantaksantin'","'CTX'",
https://www.fns-cloud.eu/foodComponents/FNS_H_0000003045,"'capsaicin'	'Kapsaicin'","'CAPSA'",
https://www.fns-cloud.eu/foodComponents/FNS_H_0000003046,"'Skupni karoten (prekurzorji vitamina A)'	'carotene, total (vitamin A precursors)'","'CAROT'",
https://www.fns-cloud.eu/foodComponents/FNS_H_0000003047,"'Skupni karotenoidi'	'carotenoids, total'","'CAROTENS'",
https://www.fns-cloud.eu/foodComponents/FNS_H_0000003048,"'alpha-carotene'	'Alfa karoten'","'CARTA'",
https://www.fns-cloud.eu/foodComponents/FNS_H_0000003049,"'beta-carotene'	'Beta karoten'","'CARTB'",
https://www.fns-cloud.eu/foodComponents/FNS_H_0000003050,"'Ekvivalenti beta-karotena'	'beta-carotene equivalents (provitamin A carotenoids)'","'CARTBEQ'",
https://www.fns-cloud.eu/foodComponents/FNS_H_0000003051,"'Gama karoten'	'gamma-carotene'","'CARTG'",
https://www.fns-cloud.eu/foodComponents/FNS_H_0000003052,"'Kazein'	'casein'","'CASN'",
https://www.fns-cloud.eu/foodComponents/FNS_H_0000003053,"'catechin'	'Katehin'","'CATEC'",
https://www.fns-cloud.eu/foodComponents/FNS_H_0000003054,"'Kadmij'	'cadmium'","'CD'",
https://www.fns-cloud.eu/foodComponents/FNS_H_0000003055,"'Celuloza'	'cellulose'","'CELLU'",
https://www.fns-cloud.eu/foodComponents/FNS_H_0000003056,"'chemical score'","'CHEMSC'",
https://www.fns-cloud.eu/foodComponents/FNS_H_0000003057,"'quinic acid'","'QUINAC'",
https://www.fns-cloud.eu/foodComponents/FNS_H_0000003058,"'Lecitin (fosfatidilholin)'	'phosphatidyl choline (lecithin)'","'CHLNP'",
https://www.fns-cloud.eu/foodComponents/FNS_H_0000003059,"'Izkoristljivi ogljikovi hidrati'	'carbohydrate'","'CHO'",
https://www.fns-cloud.eu/foodComponents/FNS_H_0000003060,"'cholecalciferol'	'Holekalciferol'","'CHOCAL'",
https://www.fns-cloud.eu/foodComponents/FNS_H_0000003061,"'25-hydroxycholecalciferol'	'25-hidroksiholekalciferol'","'CHOCALOH'",
https://www.fns-cloud.eu/foodComponents/FNS_H_0000003062,"'24-metilholest-7-erol'	'24-methylcholest-7-erol'","'CHOLM'",
https://www.fns-cloud.eu/foodComponents/FNS_H_0000003063,"'choline'	'Holin'","'CHOLN'",
https://www.fns-cloud.eu/foodComponents/FNS_H_0000003064,"'Holesterol'	'cholesterol'","'CHORL'",
https://www.fns-cloud.eu/foodComponents/FNS_H_0000003065,"'Skupni ogljikovi hidrati'	'carbohydrate, total'","'CHOT'",
https://www.fns-cloud.eu/foodComponents/FNS_H_0000003066,"'carbohydrates, unspecified'","'CHOU'",
https://www.fns-cloud.eu/foodComponents/FNS_H_0000003067,"'Citronska kislina'	'citric acid'","'CITAC'",
https://www.fns-cloud.eu/foodComponents/FNS_H_0000003068,"'chloride'	'Klorid'","'CLD'",
https://www.fns-cloud.eu/foodComponents/FNS_H_0000003069,"'Kobalt'	'cobalt'","'CO'",
https://www.fns-cloud.eu/foodComponents/FNS_H_0000003070,"'carbon dioxide, free'	'Prosti ogljikov dioksid'","'CO2F'",
https://www.fns-cloud.eu/foodComponents/FNS_H_0000003071,"'collagen'	'Kolagen'","'COLG'",
https://www.fns-cloud.eu/foodComponents/FNS_H_0000003072,"'Konsistenca'	'consistency'","'CONSISTENCY'",
https://www.fns-cloud.eu/foodComponents/FNS_H_0000003073,"'Kumestrol'	'coumestrol'","'COUMEST'",
https://www.fns-cloud.eu/foodComponents/FNS_H_0000003074,"'Krom'	'chromium'","'CR'",
https://www.fns-cloud.eu/foodComponents/FNS_H_0000003075,"'Kreatin/kreatinin'	'creatine/creatinine'","'CREATN'",
https://www.fns-cloud.eu/foodComponents/FNS_H_0000003076,"'Kriptoksantini'	'cryptoxanthins'","'CRYPX'",
https://www.fns-cloud.eu/foodComponents/FNS_H_0000003077,"'alpha-cryptoxanthin'	'Alfa kriptoksantin'","'CRYPXA'",
https://www.fns-cloud.eu/foodComponents/FNS_H_0000003078,"'beta-cryptoxanthin'	'Beta kriptoksantin'","'CRYPXB'",
https://www.fns-cloud.eu/foodComponents/FNS_H_0000003079,"'Baker'	'copper'","'CU'",
https://www.fns-cloud.eu/foodComponents/FNS_H_0000003080,"'Ciklamat'	'cyclamate'","'CYCL'",
https://www.fns-cloud.eu/foodComponents/FNS_H_0000003081,"'Cistin'	'cystine'","'CYS'",
https://www.fns-cloud.eu/foodComponents/FNS_H_0000003082,"'Cistein'	'cysteine'","'CYSTE'",
https://www.fns-cloud.eu/foodComponents/FNS_H_0000003083,"'daidzein'	'Daidzein'","'DDZEIN'",
https://www.fns-cloud.eu/foodComponents/FNS_H_0000003084,"'density/specific gravity'	'Gostota/Specifična teža'","'DEN'",
https://www.fns-cloud.eu/foodComponents/FNS_H_0000003085,"'Dekstrin'	'dextrins'","'DEXTN'",
https://www.fns-cloud.eu/foodComponents/FNS_H_0000003086,"'disaccharides, total'","'DISAC'",
https://www.fns-cloud.eu/foodComponents/FNS_H_0000003087,"'Dopamin'	'dopamine'","'DOPN'",
https://www.fns-cloud.eu/foodComponents/FNS_H_0000003088,"'dry matter'	'Suha snov'","'DRYMAT'",
https://www.fns-cloud.eu/foodComponents/FNS_H_0000003089,"'Užitni del'	'edible portion'","'EDIBLE'",
https://www.fns-cloud.eu/foodComponents/FNS_H_0000003090,"'Skupna energija'	'energy, gross'","'ENERA'",
https://www.fns-cloud.eu/foodComponents/FNS_H_0000003091,"'Skupna presnovljiva energija'	'energy, total metabolisable'","'ENERC'",
https://www.fns-cloud.eu/foodComponents/FNS_H_0000003092,"'epicatechin'	'Epikatehin'","'EPICATEC'",
https://www.fns-cloud.eu/foodComponents/FNS_H_0000003093,"'Ergokalciferol'	'ergocalciferol'","'ERGCAL'",
https://www.fns-cloud.eu/foodComponents/FNS_H_0000003094,"'Ergosterol'	'ergosterol'","'ERGSTR'",
https://www.fns-cloud.eu/foodComponents/FNS_H_0000003095,"'Kaprinska kislina (MK 10:0)'	'fatty acid 10:0 (capric acid)'","'F10:0'",
https://www.fns-cloud.eu/foodComponents/FNS_H_0000003096,"'MK 10:1'	'fatty acid 10:1'","'F10:1'",
https://www.fns-cloud.eu/foodComponents/FNS_H_0000003097,"'MK 10:1 cis'	'fatty acid 10:1 cis'","'F10:1CIS'",
https://www.fns-cloud.eu/foodComponents/FNS_H_0000003098,"'MK 10:1'	'fatty acid 10:1 (caproleic acid)'","'F10:1CN1'",
https://www.fns-cloud.eu/foodComponents/FNS_H_0000003099,"'fatty acid 10:1 trans'	'MK 10:1 trans'","'F10:1TRS'",
https://www.fns-cloud.eu/foodComponents/FNS_H_0000003100,"'MK 11:0'	'fatty acid 11:0'","'F11:0'",
https://www.fns-cloud.eu/foodComponents/FNS_H_0000003101,"'fatty acid 12:0 (lauric acid)'	'Lavrinska kislina (MK 12:0)'","'F12:0'",
https://www.fns-cloud.eu/foodComponents/FNS_H_0000003102,"'fatty acid 12:1'	'MK 12:1'","'F12:1'",
https://www.fns-cloud.eu/foodComponents/FNS_H_0000003103,"'fatty acid 12:1 cis'	'MK 12:1 cis'","'F12:1CIS'",
https://www.fns-cloud.eu/foodComponents/FNS_H_0000003104,"'Lauroleinska kislina (MK 12:1)'	'fatty acid 12:1 (lauroleic acid)'","'F12:1CN3'",
https://www.fns-cloud.eu/foodComponents/FNS_H_0000003105,"'fatty acid 12:1 trans'	'MK 12:1 trans'","'F12:1TRS'",
https://www.fns-cloud.eu/foodComponents/FNS_H_0000003106,"'Tridekanojska kislina (MK 13:0)'	'fatty acid 13:0 (tridecanoic acid)'","'F13:0'",
https://www.fns-cloud.eu/foodComponents/FNS_H_0000003107,"'Isotridekanojska kislina (MK 13:0 iso)'	'fatty acid 13:0 iso (isotridecanoic acid)'","'F13:0I'",
https://www.fns-cloud.eu/foodComponents/FNS_H_0000003108,"'Miristinska kislina (MK 14:0)'	'fatty acid 14:0 (myristic acid)'","'F14:0'",
https://www.fns-cloud.eu/foodComponents/FNS_H_0000003109,"'fatty acid 14:0 anteiso'","'F14:0AI'",
https://www.fns-cloud.eu/foodComponents/FNS_H_0000003110,"'fatty acid 14:0 iso'","'F14:0I'",
https://www.fns-cloud.eu/foodComponents/FNS_H_0000003111,"'fatty acid 14:1'	'MK 14:1'","'F14:1'",
https://www.fns-cloud.eu/foodComponents/FNS_H_0000003112,"'MK 14:1 cis'	'fatty acid 14:1 cis'","'F14:1CIS'",
https://www.fns-cloud.eu/foodComponents/FNS_H_0000003113,"'Miristooleinska kislina (MK 14:1 omega-5 cis)'	'fatty acid 14:1 n-5 cis (myristoleic acid)'","'F14:1CN5'",
https://www.fns-cloud.eu/foodComponents/FNS_H_0000003114,"'fatty acid 14:1 n-5 trans (myristelaidic acid)'	'Tetradekaenojska kislina (MK 14:1 omega-5 trans)'","'F14:1TN5'",
https://www.fns-cloud.eu/foodComponents/FNS_H_0000003115,"'Pentadekanojska kislina (MK 15:0)'	'fatty acid 15:0 (pentadecylic acid)'","'F15:0'",
https://www.fns-cloud.eu/foodComponents/FNS_H_0000003116,"'fatty acid 15:0 anteiso'","'F15:0AI'",
https://www.fns-cloud.eu/foodComponents/FNS_H_0000003117,"'fatty acid 15:0 iso'	'C15_0_iso'","'F15:0I'",
https://www.fns-cloud.eu/foodComponents/FNS_H_0000003118,"'Pentadekaenojska kislina (MK 15:1)'	'fatty acid 15:1 (pentadecenoic acid)'","'F15:1'",
https://www.fns-cloud.eu/foodComponents/FNS_H_0000003119,"'fatty acid 15:1 n-8 cis'	'MK 15:1 omega-8 cis'","'F15:1CN8'",
https://www.fns-cloud.eu/foodComponents/FNS_H_0000003120,"'fatty acid 16:0 (palmitic acid)'	'Palmitinska kislina (MK 16:0)'","'F16:0'",
https://www.fns-cloud.eu/foodComponents/FNS_H_0000003121,"'fatty acid 16:0 anteiso'","'F16:0AI'",
https://www.fns-cloud.eu/foodComponents/FNS_H_0000003122,"'C16:0 iso'	'fatty acid 16:0 iso'","'F16:0I'",
https://www.fns-cloud.eu/foodComponents/FNS_H_0000003123,"'MK 16:1'	'fatty acid 16:1'","'F16:1'",
https://www.fns-cloud.eu/foodComponents/FNS_H_0000003124,"'fatty acid 16:1 cis'	'MK 16:1 cis'","'F16:1CIS'",
https://www.fns-cloud.eu/foodComponents/FNS_H_0000003125,"'fatty acid 16:1 n-5 cis'	'MK 16:1 omega-5 cis'","'F16:1CN5'",
https://www.fns-cloud.eu/foodComponents/FNS_H_0000003126,"'Palmitooleinska kislina (MK 16:1 omega-7 cis)'	'fatty acid 16:1 n-7 cis (palmitoleic acid)'","'F16:1CN7'",
https://www.fns-cloud.eu/foodComponents/FNS_H_0000003127,"'fatty acid 16:1 n-9 cis'	'MK 16:1 omega-9 cis'","'F16:1CN9'",
https://www.fns-cloud.eu/foodComponents/FNS_H_0000003128,"'MK 16:1 iso'	'fatty acid 16:1 iso'","'F16:1I'",
https://www.fns-cloud.eu/foodComponents/FNS_H_0000003129,"'fatty acid 16:1 remainder'	'MK 16:1 preostanek'","'F16:1R'",
https://www.fns-cloud.eu/foodComponents/FNS_H_0000003130,"'fatty acid 16:1 n-7 trans'	'MK 16:1 omega-7 trans'","'F16:1TN7'",
https://www.fns-cloud.eu/foodComponents/FNS_H_0000003131,"'MK 16:1 trans'	'fatty acid 16:1 trans'","'F16:1TRS'",
https://www.fns-cloud.eu/foodComponents/FNS_H_0000003132,"'MK 16:2'	'fatty acid 16:2'","'F16:2'",
https://www.fns-cloud.eu/foodComponents/FNS_H_0000003133,"'fatty acid 16:3'	'MK 16:3'","'F16:3'",
https://www.fns-cloud.eu/foodComponents/FNS_H_0000003134,"'MK 16:4'	'fatty acid 16:4'","'F16:4'",
https://www.fns-cloud.eu/foodComponents/FNS_H_0000003135,"'fatty acid 16:unidentified'	'MK 16:neidentificirana'","'F16:UN'",
https://www.fns-cloud.eu/foodComponents/FNS_H_0000003136,"'Margarinska kislina (MK 17:0)'	'fatty acid 17:0 (margaric acid)'","'F17:0'",
https://www.fns-cloud.eu/foodComponents/FNS_H_0000003137,"'fatty acid 17:0 anteiso'","'F17:0AI'",
https://www.fns-cloud.eu/foodComponents/FNS_H_0000003138,"'fatty acid 17:0 iso'","'F17:0I'",
https://www.fns-cloud.eu/foodComponents/FNS_H_0000003139,"'Heptadekaenojska kislina (MK 17:1)'	'fatty acid 17:1 (heptadecenoic acid)'","'F17:1'",
https://www.fns-cloud.eu/foodComponents/FNS_H_0000003140,"'fatty acid 17:1 n-8 cis'	'MK 17:1 omega-8 cis'","'F17:1CN8'",
https://www.fns-cloud.eu/foodComponents/FNS_H_0000003141,"'Stearinska kislina (MK 18:0)'	'fatty acid 18:0 (stearic acid)'","'F18:0'",
https://www.fns-cloud.eu/foodComponents/FNS_H_0000003142,"'fatty acid 18:0 anteiso'","'F18:0AI'",
https://www.fns-cloud.eu/foodComponents/FNS_H_0000003143,"'fatty acid 18:0 iso'","'F18:0I'",
https://www.fns-cloud.eu/foodComponents/FNS_H_0000003144,"'fatty acid 18:1 (octadecenoic acid)'	'Oktadekaenojska kislina MK 18:1)'","'F18:1'",
https://www.fns-cloud.eu/foodComponents/FNS_H_0000003145,"'MK 18:1 cis'	'fatty acid 18:1 cis'","'F18:1CIS'",
https://www.fns-cloud.eu/foodComponents/FNS_H_0000003146,"'MK 18:1 omega-10 cis'	'fatty acid 18:1 n-10 cis'","'F18:1CN10'",
https://www.fns-cloud.eu/foodComponents/FNS_H_0000003147,"'MK 18:1 omega-11 cis'	'fatty acid 18:1 n-11 cis'","'F18:1CN11'",
https://www.fns-cloud.eu/foodComponents/FNS_H_0000003148,"'fatty acid 18:1 n-12 cis'	'MK 18:1 omega-12 cis'","'F18:1CN12'",
https://www.fns-cloud.eu/foodComponents/FNS_H_0000003149,"'fatty acid 18:1 n-13 cis'	'MK 18:1 omega-13 cis'","'F18:1CN13'",
https://www.fns-cloud.eu/foodComponents/FNS_H_0000003150,"'fatty acid 18:1 n-3 cis'	'MK 18:1 omega-3 cis'","'F18:1CN3'",
https://www.fns-cloud.eu/foodComponents/FNS_H_0000003151,"'MK 18:1 omega-4 cis'	'fatty acid 18:1 n-4 cis'","'F18:1CN4'",
https://www.fns-cloud.eu/foodComponents/FNS_H_0000003152,"'MK 18:1 omega-5 cis'	'fatty acid 18:1 n-5 cis'","'F18:1CN5'",
https://www.fns-cloud.eu/foodComponents/FNS_H_0000003153,"'MK 18:1 omega-6 cis'	'fatty acid 18:1 n-6 cis'","'F18:1CN6'",
https://www.fns-cloud.eu/foodComponents/FNS_H_0000003154,"'MK 18:1 omega-7 cis'	'fatty acid 18:1 n-7 cis'","'F18:1CN7'",
https://www.fns-cloud.eu/foodComponents/FNS_H_0000003155,"'fatty acid 18:1 n-8 cis'	'MK 18:1 omega-8 cis'","'F18:1CN8'",
https://www.fns-cloud.eu/foodComponents/FNS_H_0000003156,"'fatty acid 18:1 n-9 cis (oleic acid)'	'Oleinska kislina (MK 18:1 omega-9 cis)'","'F18:1CN9'",
https://www.fns-cloud.eu/foodComponents/FNS_H_0000003157,"'MK 18:1 iso'	'fatty acid 18:1 iso'","'F18:1I'",
https://www.fns-cloud.eu/foodComponents/FNS_H_0000003158,"'Ricinolejska kislina (MK 18:1 OH omega-7)'	'fatty acid 18:1 OH n-7 (ricinoleic acid)'","'F18:1N9O'",
https://www.fns-cloud.eu/foodComponents/FNS_H_0000003159,"'fatty acid 18:1 remainder'	'MK 18:1 preostanek'","'F18:1R'",
https://www.fns-cloud.eu/foodComponents/FNS_H_0000003160,"'MK 18:1 omega-10 trans'	'fatty acid 18:1 n-10 trans'","'F18:1TN10'",
https://www.fns-cloud.eu/foodComponents/FNS_H_0000003161,"'fatty acid 18:1 n-11 trans'	'MK 18:1 omega-11 trans'","'F18:1TN11'",
https://www.fns-cloud.eu/foodComponents/FNS_H_0000003162,"'MK18:1 omega-12 trans'	'fatty acid 18:1 n-12 trans'","'F18:1TN12'",
https://www.fns-cloud.eu/foodComponents/FNS_H_0000003163,"'MK 18:1 omega-2 trans'	'fatty acid 18:1 n-2 trans'","'F18:1TN2'",
https://www.fns-cloud.eu/foodComponents/FNS_H_0000003164,"'MK 18:1 omega-3 trans'	'fatty acid 18:1 n-3 trans'","'F18:1TN3'",
https://www.fns-cloud.eu/foodComponents/FNS_H_0000003165,"'MK 18:1 omega-4 trans'	'fatty acid 18:1 n-4 trans'","'F18:1TN4'",
https://www.fns-cloud.eu/foodComponents/FNS_H_0000003166,"'fatty acid 18:1 n-5 trans'	'MK 18:1 omega-5 trans'","'F18:1TN5'",
https://www.fns-cloud.eu/foodComponents/FNS_H_0000003167,"'fatty acid 18:1 n-6 trans'	'MK 18:1 omega-6 trans'","'F18:1TN6'",
https://www.fns-cloud.eu/foodComponents/FNS_H_0000003168,"'fatty acid 18:1 n-7 trans'	'MK 18:1 omega-7 trans'","'F18:1TN7'",
https://www.fns-cloud.eu/foodComponents/FNS_H_0000003169,"'MK 18:1 omega-8 trans'	'fatty acid 18:1 n-8 trans'","'F18:1TN8'",
https://www.fns-cloud.eu/foodComponents/FNS_H_0000003170,"'fatty acid 18:1 n-9 trans (elaidic acid)'	'Elaidinska kislina (MK 18:1 omega-9 trans)'","'F18:1TN9'",
https://www.fns-cloud.eu/foodComponents/FNS_H_0000003171,"'fatty acid 18:1 total trans'	'MK18:1 skupne trans'","'F18:1TRS'",
https://www.fns-cloud.eu/foodComponents/FNS_H_0000003172,"'fatty acid 18:2'	'MK 18:2'","'F18:2'",
https://www.fns-cloud.eu/foodComponents/FNS_H_0000003173,"'fatty acid 18:2 n-6 cis,cis'	'Linolna kislina (MK 18:2 omega-6 cis,cis)'","'F18:2CN6'",
https://www.fns-cloud.eu/foodComponents/FNS_H_0000003174,"'MK 18:2 omega-9 cis,cis'	'fatty acid 18:2 n-9 cis,cis'","'F18:2CN9'",
https://www.fns-cloud.eu/foodComponents/FNS_H_0000003175,"'fatty acid 18:2 conjugated'	'Konjugirana linolna kislina - CLA (MK 18:2)'","'F18:2CON'",
https://www.fns-cloud.eu/foodComponents/FNS_H_0000003176,"'MK 18:2 cis in trans'	'fatty acid 18:2 cis + trans'","'F18:2CT'",
https://www.fns-cloud.eu/foodComponents/FNS_H_0000003177,"'MK 18:2 iso'	'fatty acid 18:2 iso'","'F18:2I'",
https://www.fns-cloud.eu/foodComponents/FNS_H_0000003178,"'fatty acid 18:2 remainder'	'MK 18:2 preostanek'","'F18:2R'",
https://www.fns-cloud.eu/foodComponents/FNS_H_0000003179,"'MK 18:2 trans in cis'	'fatty acid 18:2 trans + cis'","'F18:2TC'",
https://www.fns-cloud.eu/foodComponents/FNS_H_0000003180,"'fatty acid 18:2 trans'	'MK 18:2 trans'","'F18:2TRS'",
https://www.fns-cloud.eu/foodComponents/FNS_H_0000003181,"'MK 18:2 omega-6 trans, trans'	'fatty acid 18:2 n-6 trans,trans'","'F18:2TTN6'",
https://www.fns-cloud.eu/foodComponents/FNS_H_0000003182,"'MK 18:3'	'fatty acid 18:3'","'F18:3'",
https://www.fns-cloud.eu/foodComponents/FNS_H_0000003183,"'fatty acid 18:3 n-3 all-cis'	'Alfa-linolenska kislina (MK 18:3 omega-3 vse cis)'","'F18:3CN3'",
https://www.fns-cloud.eu/foodComponents/FNS_H_0000003184,"'fatty acid 18:3 n-6 all-cis'	'Gama-linolenska kislina (MK 18:3 omega-6 vse cis)'","'F18:3CN6'",
https://www.fns-cloud.eu/foodComponents/FNS_H_0000003185,"'fatty acid 18:3 n-3'	'MK 18:3 omega-3'","'F18:3N3'",
https://www.fns-cloud.eu/foodComponents/FNS_H_0000003186,"'MK 18:3 omega-6'	'fatty acid 18:3 n-6'","'F18:3N6'",
https://www.fns-cloud.eu/foodComponents/FNS_H_0000003187,"'MK 18:3 omega-3 vse trans'	'fatty acid 18:3 n-3 all-trans'","'F18:3TTTN3'",
https://www.fns-cloud.eu/foodComponents/FNS_H_0000003188,"'MK 18:4'	'fatty acid 18:4'","'F18:4'",
https://www.fns-cloud.eu/foodComponents/FNS_H_0000003189,"'fatty acid 18:4 n-3 all-cis'	'MK 18:4 omega-3 vse cis'","'F18:4CN3'",
https://www.fns-cloud.eu/foodComponents/FNS_H_0000003190,"'MK 18:4 omega-3'	'fatty acid 18:4 n-3'","'F18:4N3'",
https://www.fns-cloud.eu/foodComponents/FNS_H_0000003191,"'MK 19:0'	'fatty acid 19:0'","'F19:0'",
https://www.fns-cloud.eu/foodComponents/FNS_H_0000003192,"'fatty acid 20:0 (arachidic acid)'	'Arahidinska kislina (MK 20:0)'","'F20:0'",
https://www.fns-cloud.eu/foodComponents/FNS_H_0000003193,"'fatty acid 20:0 iso'","'F20:0I'",
https://www.fns-cloud.eu/foodComponents/FNS_H_0000003194,"'Eikozaenojska kislina (MK 20:1)'	'fatty acid 20:1 (eicosenoic acid)'","'F20:1'",
https://www.fns-cloud.eu/foodComponents/FNS_H_0000003195,"'MK 20:1 cis'	'fatty acid 20:1 cis'","'F20:1CIS'",
https://www.fns-cloud.eu/foodComponents/FNS_H_0000003196,"'MK 20:1 omega-11 cis'	'fatty acid 20:1 n-11 cis'","'F20:1CN11'",
https://www.fns-cloud.eu/foodComponents/FNS_H_0000003197,"'MK 20:1 omega-9 cis'	'fatty acid 20:1 n-9 cis'","'F20:1CN9'",
https://www.fns-cloud.eu/foodComponents/FNS_H_0000003198,"'fatty acid 20:1 n-11 trans'	'MK 20:1 omega-11 trans'","'F20:1TN11'",
https://www.fns-cloud.eu/foodComponents/FNS_H_0000003199,"'MK 20:1 omega-9 trans'	'fatty acid 20:1 n-9 trans'","'F20:1TN9'",
https://www.fns-cloud.eu/foodComponents/FNS_H_0000003200,"'MK 20:1 trans'	'fatty acid 20:1 trans'","'F20:1TRS'",
https://www.fns-cloud.eu/foodComponents/FNS_H_0000003201,"'fatty acid 20:2 (eicosadienoic acid)'	'Eikozadienojska kislina (MK 20:2)'","'F20:2'",
https://www.fns-cloud.eu/foodComponents/FNS_H_0000003202,"'fatty acid 20:2 n-6 cis,cis'	'MK 20:2 omega-6 cis,cis'","'F20:2CN6'",
https://www.fns-cloud.eu/foodComponents/FNS_H_0000003203,"'MK 20:2 omega-6'	'fatty acid 20:2 n-6'","'F20:2N6'",
https://www.fns-cloud.eu/foodComponents/FNS_H_0000003204,"'Eikozatrienojska kislina (MK 20:3)'	'fatty acid 20:3 (eicosatrienoic acid)'","'F20:3'",
https://www.fns-cloud.eu/foodComponents/FNS_H_0000003205,"'fatty acid 20:3 n-3 all-cis'	'MK 20:3 omega-4 vse cis'","'F20:3CN3'",
https://www.fns-cloud.eu/foodComponents/FNS_H_0000003206,"'MK 20:3 omega-6 vse cis'	'fatty acid 20:3 n-6 all-cis'","'F20:3CN6'",
https://www.fns-cloud.eu/foodComponents/FNS_H_0000003207,"'fatty acid 20:3 n-9 all-cis'	'MK 20:3 omega-9 vse cis'","'F20:3CN9'",
https://www.fns-cloud.eu/foodComponents/FNS_H_0000003208,"'Eikozatrienojska kislina (MK 20:3 omega-3)'	'fatty acid 20:3 n-3'","'F20:3N3'",
https://www.fns-cloud.eu/foodComponents/FNS_H_0000003209,"'MK 20:3 omega-6'	'fatty acid 20:3 n-6'","'F20:3N6'",
https://www.fns-cloud.eu/foodComponents/FNS_H_0000003210,"'Eikozatetraenojska kislina (MK 20:4)'	'fatty acid 20:4 (eicosatetraenoic acid)'","'F20:4'",
https://www.fns-cloud.eu/foodComponents/FNS_H_0000003211,"'fatty acid 20:4 n-6 all-cis'","'F20:4CN6'",
https://www.fns-cloud.eu/foodComponents/FNS_H_0000003212,"'fatty acid 20:4 n-3'	'MK 20:4 omega-3'","'F20:4N3'",
https://www.fns-cloud.eu/foodComponents/FNS_H_0000003213,"'fatty acid 20:4 n-6'	'Arahidonska kislina (MK 20:4 omega-6)'","'F20:4N6'",
https://www.fns-cloud.eu/foodComponents/FNS_H_0000003214,"'fatty acid 20:5 (eicopentaenoic acid)'	'Eikozapentaenojska kislina (MK 20:5)'","'F20:5'",
https://www.fns-cloud.eu/foodComponents/FNS_H_0000003215,"'fatty acid 20:5 n-3 all-cis'","'F20:5CN3'",
https://www.fns-cloud.eu/foodComponents/FNS_H_0000003216,"'fatty acid 20:5 n-3'	'EPA - Eikozapentaenojska kislina  (MK 20:5 omega-3)'","'F20:5N3'",
https://www.fns-cloud.eu/foodComponents/FNS_H_0000003217,"'MK 20:5 omega-6'	'fatty acid 20:5 n-6'","'F20:5N6'",
https://www.fns-cloud.eu/foodComponents/FNS_H_0000003218,"'fatty acid 21:0'	'Maščobna kislina 21:0 (heneikozanojska kislina)'","'F21:0'",
https://www.fns-cloud.eu/foodComponents/FNS_H_0000003219,"'fatty acid 21:5 (heneicosapentaenoic acid)'","'F21:5'",
https://www.fns-cloud.eu/foodComponents/FNS_H_0000003220,"'fatty acid 21:5 n-3 all-cis'","'F21:5CN3'",
https://www.fns-cloud.eu/foodComponents/FNS_H_0000003221,"'Maščobna kislina 22:0 (behenojska kislina)'	'fatty acid 22:0 (behenic acid)'","'F22:0'",
https://www.fns-cloud.eu/foodComponents/FNS_H_0000003222,"'fatty acid 22:1 (docosenoic acid)'	'MK 22:1'","'F22:1'",
https://www.fns-cloud.eu/foodComponents/FNS_H_0000003223,"'fatty acid 22:1 cis'	'MK 22:1 cis'","'F22:1CIS'",
https://www.fns-cloud.eu/foodComponents/FNS_H_0000003224,"'Cetoleinska kislina (MK 22:1 omega-11 cis)'	'fatty acid 22:1 n-11 cis (cetoleic acid)'","'F22:1CN11'",
https://www.fns-cloud.eu/foodComponents/FNS_H_0000003225,"'Eruka kislina (MK 22:1 omega-9 cis)'	'fatty acid 22:1 n-9 cis (erucic acid)'","'F22:1CN9'",
https://www.fns-cloud.eu/foodComponents/FNS_H_0000003226,"'fatty acid 22:1 n-7'	'MK 22:1 omega-7'","'F22:1N7'",
https://www.fns-cloud.eu/foodComponents/FNS_H_0000003227,"'MK 22:1 omega-9 trans'	'fatty acid 22:1 n-9 trans (brassidic acid)'","'F22:1TN9'",
https://www.fns-cloud.eu/foodComponents/FNS_H_0000003228,"'Dokozadienojska kislina (MK 22:2)'	'fatty acid 22:2 (docosadienoic acid)'","'F22:2'",
https://www.fns-cloud.eu/foodComponents/FNS_H_0000003229,"'fatty acid 22:2 n-3 cis,cis'	'MK 22:2 omega-3 cis,cis'","'F22:2CN3'",
https://www.fns-cloud.eu/foodComponents/FNS_H_0000003230,"'fatty acid 22:2 n-6 cis,cis'","'F22:2CN6'",
https://www.fns-cloud.eu/foodComponents/FNS_H_0000003231,"'Dokozatrienojska C 22:3, cis-16'	'fatty acid 22:3 n-3 all-cis'","'F22:3CN3'",
https://www.fns-cloud.eu/foodComponents/FNS_H_0000003232,"'Dokozatetraenojska kislina (MK 22:4)'	'fatty acid 22:4 (docosatetraenoic acid)'","'F22:4'",
https://www.fns-cloud.eu/foodComponents/FNS_H_0000003233,"'fatty acid 22:4 n-6 all-cis'","'F22:4CN6'",
https://www.fns-cloud.eu/foodComponents/FNS_H_0000003234,"'MK 22:4 omega-3'	'fatty acid 22:4 n-3'","'F22:4N3'",
https://www.fns-cloud.eu/foodComponents/FNS_H_0000003235,"'MK 22:4 omega-6'	'fatty acid 22:4 n-6'","'F22:4N6'",
https://www.fns-cloud.eu/foodComponents/FNS_H_0000003236,"'Dokozapentaenojska kislina - DPA (MK 22:5)'	'fatty acid 22:5 (docosapentaenoic acid)'","'F22:5'",
https://www.fns-cloud.eu/foodComponents/FNS_H_0000003237,"'fatty acid 22:5 n-3 all-cis'","'F22:5CN3'",
https://www.fns-cloud.eu/foodComponents/FNS_H_0000003238,"'fatty acid 22:5 n-6 all-cis'","'F22:5CN6'",
https://www.fns-cloud.eu/foodComponents/FNS_H_0000003239,"'Dokozapentaenojska kislina - DPA (MK 22:5 omega-3)'	'fatty acid 22:5 n-3'","'F22:5N3'",
https://www.fns-cloud.eu/foodComponents/FNS_H_0000003240,"'MK 22:5 omega-6'	'fatty acid 22:5 n-6'","'F22:5N6'",
https://www.fns-cloud.eu/foodComponents/FNS_H_0000003241,"'Dokozaheksaenojska kislina (MK 22:6)'	'fatty acid 22:6 (docosahexaenoic acid)'","'F22:6'",
https://www.fns-cloud.eu/foodComponents/FNS_H_0000003242,"'DHA'	'fatty acid 22:6 n-3 all-cis'","'F22:6CN3'",
https://www.fns-cloud.eu/foodComponents/FNS_H_0000003243,"'DHA - Dokozaheksaenojska kislina  (MK 22:6 omega-3)'	'fatty acid 22:6 n-3'","'F22:6N3'",
https://www.fns-cloud.eu/foodComponents/FNS_H_0000003244,"'fatty acid 22:unidentified'	'MK 22:neidentificirana'","'F22:UN'",
https://www.fns-cloud.eu/foodComponents/FNS_H_0000003245,"'fatty acid 23:0 (tricosanoic acid)'	'Maščobna kislina 23:0 (trikozanojska kislina)'","'F23:0'",
https://www.fns-cloud.eu/foodComponents/FNS_H_0000003246,"'Lignocerska kislina (MK 24:0)'	'fatty acid 24:0 (lignoceric acid)'","'F24:0'",
https://www.fns-cloud.eu/foodComponents/FNS_H_0000003247,"'Nervonska kislina (MK 24:1)'	'fatty acid 24:1 (tetracosenoic acid)'","'F24:1'",
https://www.fns-cloud.eu/foodComponents/FNS_H_0000003248,"'fatty acid 24:1 n-9 cis'	'MK 24:1 omega-9 cis'","'F24:1CN9'",
https://www.fns-cloud.eu/foodComponents/FNS_H_0000003249,"'MK 24:1 omega-9 trans'	'fatty acid 24:1 n-9 trans'","'F24:1TN9'",
https://www.fns-cloud.eu/foodComponents/FNS_H_0000003250,"'fatty acid 24:2 n-6 cis,cis'","'F24:2CN6'",
https://www.fns-cloud.eu/foodComponents/FNS_H_0000003251,"'fatty acid 26:0'	'Maščobna kislina 26:0 (kerotinska kislina)'","'F26:0'",
https://www.fns-cloud.eu/foodComponents/FNS_H_0000003252,"'Maslena kislina (MK 4:0)'	'fatty acid 4:0 (butyric acid)'","'F4:0'",
https://www.fns-cloud.eu/foodComponents/FNS_H_0000003253,"'fatty acid 6:0 (caproic acid)'	'Kapronska kislina (MK 6:0)'","'F6:0'",
https://www.fns-cloud.eu/foodComponents/FNS_H_0000003254,"'fatty acid 8:0 (caprylic acid)'	'Kaprilna kislina (MK 8:0)'","'F8:0'",
https://www.fns-cloud.eu/foodComponents/FNS_H_0000003255,"'Faktor pretvorbe maščobnih kislin'	'fatty acid conversion factor'","'FACF'",
https://www.fns-cloud.eu/foodComponents/FNS_H_0000003256,"'fatty acids, total'	'Skupne maščobne kisline'","'FACID'",
https://www.fns-cloud.eu/foodComponents/FNS_H_0000003257,"'fatty acids, total, calculated as triacylglycerol equivalents'	'Skupne MK preračunane kot ekvivalent triacilglicerola'","'FACIDCTG'",
https://www.fns-cloud.eu/foodComponents/FNS_H_0000003258,"'fatty acids, total cis n-3'	'Skupne cis omega-3 MK'","'FACN3'",
https://www.fns-cloud.eu/foodComponents/FNS_H_0000003259,"'fatty acids, total cis n-6'	'Skupne cis omega-6 MK'","'FACN6'",
https://www.fns-cloud.eu/foodComponents/FNS_H_0000003260,"'Skupne cis omega-9 MK'	'fatty acids, total cis n-9'","'FACN9'",
https://www.fns-cloud.eu/foodComponents/FNS_H_0000003261,"'fatty acids, total essential'	'Skupne esencialne MK'","'FAESS'",
https://www.fns-cloud.eu/foodComponents/FNS_H_0000003262,"'Skupne proste MK'	'fatty acids, total free'","'FAFRE'",
https://www.fns-cloud.eu/foodComponents/FNS_H_0000003263,"'Skupne enkrat nenasičene MK'	'fatty acids, total monounsaturated'","'FAMS'",
https://www.fns-cloud.eu/foodComponents/FNS_H_0000003264,"'Skupne cis enkrat nenasičene MK'	'fatty acids, monounsaturated, total cis'","'FAMSCIS'",
https://www.fns-cloud.eu/foodComponents/FNS_H_0000003265,"'fatty acids, monounsaturated, cis, remainder'	'Preostale cis enkrat nenasičene MK'","'FAMSCXR'",
https://www.fns-cloud.eu/foodComponents/FNS_H_0000003266,"'fatty acids, monounsaturated, total trans'	'Skupne trans enkrat nenasičene MK'","'FAMSTRS'",
https://www.fns-cloud.eu/foodComponents/FNS_H_0000003267,"'Preostale trans enkrat nenasičene MK'	'fatty acids, monounsaturated, trans, remainder'","'FAMSTXR'",
https://www.fns-cloud.eu/foodComponents/FNS_H_0000003268,"'fatty acids, total polyunsaturated'	'Skupne večkrat nenasičene MK'","'FAPU'",
https://www.fns-cloud.eu/foodComponents/FNS_H_0000003269,"'fatty acids, cis polyunsaturated, remainder'	'NE UPORABI! Preostale cis večkrat nenasičene MK'","'FAPUCR'",
https://www.fns-cloud.eu/foodComponents/FNS_H_0000003270,"'fatty acids, polyunsaturated, cis, remainder'	'Preostale cis večkrat nenasičene MK'","'FAPUCXR'",
https://www.fns-cloud.eu/foodComponents/FNS_H_0000003271,"'Skupne dolgoverižne večkrat nenasičene MK'	'fatty acids, polyunsaturated, total long-chain'","'FAPULC'",
https://www.fns-cloud.eu/foodComponents/FNS_H_0000003272,"'Skupne omega-3 večkrat nenasičene MK'	'fatty acids, polyunsaturated, total n-3'","'FAPUN3'",
https://www.fns-cloud.eu/foodComponents/FNS_H_0000003273,"'fatty acids, polyunsaturated, total n-3 fish'","'FAPUN3FI'",
https://www.fns-cloud.eu/foodComponents/FNS_H_0000003274,"'fatty acids, polyunsaturated, total n-3 vegetable'","'FAPUN3VE'",
https://www.fns-cloud.eu/foodComponents/FNS_H_0000003275,"'fatty acids, polyunsaturated, total n-6'	'Skupne omega-6 večkrat nenasičene MK'","'FAPUN6'",
https://www.fns-cloud.eu/foodComponents/FNS_H_0000003276,"'Skupne omega-9 večkrat nenasičene MK'	'fatty acids, polyunsaturated, total n-9'","'FAPUN9'",
https://www.fns-cloud.eu/foodComponents/FNS_H_0000003277,"'Ostale večkrat nenasičene MK (=PUFA - linolna - linolenska kislina)'	'fatty acids, polyunsaturated, other (= PUFA-linoleic-linolenic)'","'FAPUOT'",
https://www.fns-cloud.eu/foodComponents/FNS_H_0000003278,"'fatty acids, polyunsaturated, trans remainder'","'FAPUTXR'",
https://www.fns-cloud.eu/foodComponents/FNS_H_0000003279,"'fatty acids, polyunsaturated, remainder'","'FAPUXR'",
https://www.fns-cloud.eu/foodComponents/FNS_H_0000003280,"'Skupne nasičene maščobne kisline'	'fatty acids, total saturated'","'FASAT'",
https://www.fns-cloud.eu/foodComponents/FNS_H_0000003281,"'fatty acids, trans saturated, remainder'	'Preostale trans nasičene maščobne kisline'","'FASATR'",
https://www.fns-cloud.eu/foodComponents/FNS_H_0000003282,"'Preostale nasičene maščobne kisline'	'fatty acids, saturated, remainder'","'FASATXR'",
https://www.fns-cloud.eu/foodComponents/FNS_H_0000003283,"'Skupna maščoba'	'fat, total'","'FAT'",
https://www.fns-cloud.eu/foodComponents/FNS_H_0000003284,"'Maščoba živalskega izvora'	'fat, animal'","'FATAN'",
https://www.fns-cloud.eu/foodComponents/FNS_H_0000003285,"'Maščoba rastlinskega izvora'	'fat, plant'","'FATPL'",
https://www.fns-cloud.eu/foodComponents/FNS_H_0000003286,"'Skupne trans MK'	'fatty acids, total trans'","'FATRS'",
https://www.fns-cloud.eu/foodComponents/FNS_H_0000003287,"'Maščoba neznanega izvora'	'fat, unknown origin'","'FATUNK'",
https://www.fns-cloud.eu/foodComponents/FNS_H_0000003288,"'Neidentificirana MK'	'fatty acid, unidentified'","'FAUN'",
https://www.fns-cloud.eu/foodComponents/FNS_H_0000003289,"'fluoride'	'Fluorid'","'FD'",
https://www.fns-cloud.eu/foodComponents/FNS_H_0000003290,"'iron, total'	'Skupno železo'","'FE'",
https://www.fns-cloud.eu/foodComponents/FNS_H_0000003291,"'Surova prehranska vlaknina'	'fibre, crude'","'FIBC'",
https://www.fns-cloud.eu/foodComponents/FNS_H_0000003292,"'Heksoze v prehranski vlaknini'	'hexoses in dietary fibre'","'FIBHEX'",
https://www.fns-cloud.eu/foodComponents/FNS_H_0000003293,"'fibre, water-insoluble'	'Netopna prehranska vlaknina'","'FIBINS'",
https://www.fns-cloud.eu/foodComponents/FNS_H_0000003294,"'Pentoze v prehranski vlaknini'	'pentoses in dietary fibre'","'FIBPEN'",
https://www.fns-cloud.eu/foodComponents/FNS_H_0000003295,"'Topna prehranska vlaknina'	'fibre, water-soluble'","'FIBSOL'",
https://www.fns-cloud.eu/foodComponents/FNS_H_0000003296,"'fibre, total dietary'	'Skupna prehranska vlaknina'","'FIBT'",
https://www.fns-cloud.eu/foodComponents/FNS_H_0000003297,"'folate, total'	'Vitamin B9 (skupni folat)'","'FOL'",
https://www.fns-cloud.eu/foodComponents/FNS_H_0000003298,"'folic acid, synthetic'	'Folna kislina (sintetična)'","'FOLAC'",
https://www.fns-cloud.eu/foodComponents/FNS_H_0000003299,"'Formononetin'	'formononetin'","'FORMO'",
https://www.fns-cloud.eu/foodComponents/FNS_H_0000003300,"'fructose'	'Fruktoza'","'FRUS'",
https://www.fns-cloud.eu/foodComponents/FNS_H_0000003301,"'fucosterol'	'Fukosterol'","'FUCSTR'",
https://www.fns-cloud.eu/foodComponents/FNS_H_0000003302,"'isofucosterol'	'Izofukosterol'","'FUCSTR28'",
https://www.fns-cloud.eu/foodComponents/FNS_H_0000003303,"'Fumarna kislina'	'fumaric acid'","'FUMAC'",
https://www.fns-cloud.eu/foodComponents/FNS_H_0000003304,"'Galaktoza'	'galactose'","'GALS'",
https://www.fns-cloud.eu/foodComponents/FNS_H_0000003305,"'Alfa galaktozidi'	'alpha galactosides'","'GALSD'",
https://www.fns-cloud.eu/foodComponents/FNS_H_0000003306,"'Genistein'	'genistein'","'GNSTEIN'",
https://www.fns-cloud.eu/foodComponents/FNS_H_0000003307,"'Glikemični indeks'	'glycemic index'","'GI'",
https://www.fns-cloud.eu/foodComponents/FNS_H_0000003308,"'Glutamin'	'glutamine'","'GLN'",
https://www.fns-cloud.eu/foodComponents/FNS_H_0000003309,"'Glutaminska kislina (glutamat)'	'glutamic acid'","'GLU'",
https://www.fns-cloud.eu/foodComponents/FNS_H_0000003310,"'glucose'	'Glukoza'","'GLUS'",
https://www.fns-cloud.eu/foodComponents/FNS_H_0000003311,"'Gluten'	'gluten'","'GLUTN'",
https://www.fns-cloud.eu/foodComponents/FNS_H_0000003312,"'glycine'	'Glicin'","'GLY'",
https://www.fns-cloud.eu/foodComponents/FNS_H_0000003313,"'Glikogen'	'glycogen'","'GLYC'",
https://www.fns-cloud.eu/foodComponents/FNS_H_0000003314,"'Glicitein'	'glycitein'","'GLYCTEIN'",
https://www.fns-cloud.eu/foodComponents/FNS_H_0000003315,"'glycolipids, total'	'Skupni glikolipidi'","'GLYLIP'",
https://www.fns-cloud.eu/foodComponents/FNS_H_0000003316,"'Gicerol'	'glycerol'","'GLYRL'",
https://www.fns-cloud.eu/foodComponents/FNS_H_0000003317,"'diketogulonic acid'	'Diketogulonska kislina'","'GULDKAC'",
https://www.fns-cloud.eu/foodComponents/FNS_H_0000003318,"'hydrophilic ORAC'","'H-ORAC'",
https://www.fns-cloud.eu/foodComponents/FNS_H_0000003319,"'iron, haem'	'Hemsko železo'","'HAEM'",
https://www.fns-cloud.eu/foodComponents/FNS_H_0000003320,"'mercury'	'Živo srebro'","'HG'",
https://www.fns-cloud.eu/foodComponents/FNS_H_0000003321,"'Histidin'	'histidine'","'HIS'",
https://www.fns-cloud.eu/foodComponents/FNS_H_0000003322,"'histamine'	'Histamin'","'HISTN'",
https://www.fns-cloud.eu/foodComponents/FNS_H_0000003323,"'Hidroksiprolin'	'hydroxyproline'","'HYP'",
https://www.fns-cloud.eu/foodComponents/FNS_H_0000003324,"'Jod'	'iodide'","'ID'",
https://www.fns-cloud.eu/foodComponents/FNS_H_0000003325,"'isoleucine'	'Izolevcin'","'ILE'",
https://www.fns-cloud.eu/foodComponents/FNS_H_0000003326,"'Inozit'	'inositol'","'INOTL'",
https://www.fns-cloud.eu/foodComponents/FNS_H_0000003327,"'inulin'	'Inulin'","'INULN'",
https://www.fns-cloud.eu/foodComponents/FNS_H_0000003328,"'isocitric acid'	'Izocitronska kislina'","'ISOCAC'",
https://www.fns-cloud.eu/foodComponents/FNS_H_0000003329,"'Skupni izoflavonoidi'	'isoflavonoids, total'","'ISOFLVND'",
https://www.fns-cloud.eu/foodComponents/FNS_H_0000003330,"'Izomaltotrioza'	'isomalt'","'ISOMALT'",
https://www.fns-cloud.eu/foodComponents/FNS_H_0000003331,"'potassium'	'Kalij'","'K'",
https://www.fns-cloud.eu/foodComponents/FNS_H_0000003332,"'Kempferol'	'kaempferol'","'KAEMF'",
https://www.fns-cloud.eu/foodComponents/FNS_H_0000003333,"'lipophilic ORAC'","'L-ORAC'",
https://www.fns-cloud.eu/foodComponents/FNS_H_0000003334,"'Mlečna kislina'	'lactic acid'","'LACAC'",
https://www.fns-cloud.eu/foodComponents/FNS_H_0000003335,"'D-lactic acid'","'LACACD'",
https://www.fns-cloud.eu/foodComponents/FNS_H_0000003336,"'L-mlečna kislina'	'L-lactic acid'","'LACACL'",
https://www.fns-cloud.eu/foodComponents/FNS_H_0000003337,"'Laktoza'	'lactose'","'LACS'",
https://www.fns-cloud.eu/foodComponents/FNS_H_0000003338,"'lactitol'","'LACTL'",
https://www.fns-cloud.eu/foodComponents/FNS_H_0000003339,"'leucine'	'Levcin'","'LEU'",
https://www.fns-cloud.eu/foodComponents/FNS_H_0000003340,"'lignin'	'Lignin'","'LIGN'",
https://www.fns-cloud.eu/foodComponents/FNS_H_0000003341,"'Skupni lignani'	'lignans, total'","'LIGNANS'",
https://www.fns-cloud.eu/foodComponents/FNS_H_0000003342,"'Lutein'	'lutein'","'LUTN'",
https://www.fns-cloud.eu/foodComponents/FNS_H_0000003343,"'Luteolin'	'luteolin'","'LUTEOL'",
https://www.fns-cloud.eu/foodComponents/FNS_H_0000003344,"'Lutein in zeaksantin'	'lutein plus zeaxanthine'","'LUTEZEAX'",
https://www.fns-cloud.eu/foodComponents/FNS_H_0000003345,"'Likopen'	'lycopene'","'LYCPN'",
https://www.fns-cloud.eu/foodComponents/FNS_H_0000003346,"'lysine'	'Lizin'","'LYS'",
https://www.fns-cloud.eu/foodComponents/FNS_H_0000003347,"'lysine, available'","'LYSAVL'",
https://www.fns-cloud.eu/foodComponents/FNS_H_0000003348,"'malic acid'	'Jabolčna kislina'","'MALAC'",
https://www.fns-cloud.eu/foodComponents/FNS_H_0000003349,"'Maltoza'	'maltose'","'MALS'",
https://www.fns-cloud.eu/foodComponents/FNS_H_0000003350,"'Maltotrioza'	'maltotriose'","'MALTRS'",
https://www.fns-cloud.eu/foodComponents/FNS_H_0000003351,"'mannitol'	'Manit'","'MANTL'",
https://www.fns-cloud.eu/foodComponents/FNS_H_0000003352,"'matairesinol'	'Matairezinol'","'MATAIRES'",
https://www.fns-cloud.eu/foodComponents/FNS_H_0000003353,"'methionine'	'Metionin'","'MET'",
https://www.fns-cloud.eu/foodComponents/FNS_H_0000003354,"'magnesium'	'Magnezij'","'MG'",
https://www.fns-cloud.eu/foodComponents/FNS_H_0000003355,"'Menaquinone-10'	'Menakinon-10'","'MK10'",
https://www.fns-cloud.eu/foodComponents/FNS_H_0000003356,"'Menaquinone-11'	'Menakinon-11'","'MK11'",
https://www.fns-cloud.eu/foodComponents/FNS_H_0000003357,"'Menakinon-12'	'Menaquinone-12'","'MK12'",
https://www.fns-cloud.eu/foodComponents/FNS_H_0000003358,"'Menakinon-13'	'Menaquinone-13'","'MK13'",
https://www.fns-cloud.eu/foodComponents/FNS_H_0000003359,"'Menakinon-4'	'Menaquinone-4'","'MK4'",
https://www.fns-cloud.eu/foodComponents/FNS_H_0000003360,"'Menaquinone-5'	'Menakinon-6'","'MK5'",
https://www.fns-cloud.eu/foodComponents/FNS_H_0000003361,"'Menaquinone-6'	'Menakinon-6'","'MK6'",
https://www.fns-cloud.eu/foodComponents/FNS_H_0000003362,"'Menakinon-7'	'Menaquinone-7'","'MK7'",
https://www.fns-cloud.eu/foodComponents/FNS_H_0000003363,"'Menakinon-8'	'Menaquinone-8'","'MK8'",
https://www.fns-cloud.eu/foodComponents/FNS_H_0000003364,"'Menaquinone-9'	'Menakinon-9'","'MK9'",
https://www.fns-cloud.eu/foodComponents/FNS_H_0000003365,"'manganese'	'Mangan'","'MN'",
https://www.fns-cloud.eu/foodComponents/FNS_H_0000003366,"'Skupni monosaharidi'	'monosaccharides, total'","'MNSAC'",
https://www.fns-cloud.eu/foodComponents/FNS_H_0000003367,"'Molibden'	'molybdenum'","'MO'",
https://www.fns-cloud.eu/foodComponents/FNS_H_0000003368,"'myricetin'	'Miricetin'","'MYRIC'",
https://www.fns-cloud.eu/foodComponents/FNS_H_0000003369,"'sodium'	'Natrij, Na'","'NA'",
https://www.fns-cloud.eu/foodComponents/FNS_H_0000003370,"'salt'	'Sol'","'NACL'",
https://www.fns-cloud.eu/foodComponents/FNS_H_0000003371,"'Faktor pretvorbe dušika'	'nitrogen conversion factor'","'NCF'",
https://www.fns-cloud.eu/foodComponents/FNS_H_0000003372,"'Nehemsko železo'	'iron, non-haem'","'NHAEM'",
https://www.fns-cloud.eu/foodComponents/FNS_H_0000003373,"'nickel'	'Nikelj'","'NI'",
https://www.fns-cloud.eu/foodComponents/FNS_H_0000003374,"'niacin, preformed'	'Niacin (vitamin B3)'","'NIA'",
https://www.fns-cloud.eu/foodComponents/FNS_H_0000003375,"'niacin, available'","'NIAAVL'",
https://www.fns-cloud.eu/foodComponents/FNS_H_0000003376,"'Vitamin B3 (ekvivalenti niacina)'	'niacin equivalents, total'","'NIAEQ'",
https://www.fns-cloud.eu/foodComponents/FNS_H_0000003377,"'niacin equivalents from tryptophan'","'NIATRP'",
https://www.fns-cloud.eu/foodComponents/FNS_H_0000003378,"'nitrates'	'Nitrati'","'NITRA'",
https://www.fns-cloud.eu/foodComponents/FNS_H_0000003379,"'nitrites'	'Nitriti'","'NITRI'",
https://www.fns-cloud.eu/foodComponents/FNS_H_0000003380,"'nitrosamines, total'	'Skupni nitrozamini'","'NITRN'",
https://www.fns-cloud.eu/foodComponents/FNS_H_0000003381,"'Nebeljakovinski dušik'	'nitrogen, non protein'","'NNP'",
https://www.fns-cloud.eu/foodComponents/FNS_H_0000003382,"'Neškrobni polisaharidi'	'non-starch polysaccharides'","'NSP'",
https://www.fns-cloud.eu/foodComponents/FNS_H_0000003383,"'Skupni dušik'	'nitrogen, total'","'NT'",
https://www.fns-cloud.eu/foodComponents/FNS_H_0000003384,"'Skupne organske kisline'	'organic acids, total'","'OA'",
https://www.fns-cloud.eu/foodComponents/FNS_H_0000003385,"'oligosaccharides, available'	'Razpoložljivi oligosaharidi'","'OLSAC'",
https://www.fns-cloud.eu/foodComponents/FNS_H_0000003386,"'oxalic acid'	'Oksalna kislina'","'OXALAC'",
https://www.fns-cloud.eu/foodComponents/FNS_H_0000003387,"'phosphorus'	'Fosfor'","'P'",
https://www.fns-cloud.eu/foodComponents/FNS_H_0000003388,"'Vitamin B5 (pantotenska kislina)'	'pantothenic acid (vitamin B5)'","'PANTAC'",
https://www.fns-cloud.eu/foodComponents/FNS_H_0000003389,"'Svinec'	'lead'","'PB'",
https://www.fns-cloud.eu/foodComponents/FNS_H_0000003390,"'Pektinske snovi'	'pectin'","'PECT'",
https://www.fns-cloud.eu/foodComponents/FNS_H_0000003391,"'pH'	'pH'","'PH'",
https://www.fns-cloud.eu/foodComponents/FNS_H_0000003392,"'phenylalanine'	'Fenilalanin'","'PHE'",
https://www.fns-cloud.eu/foodComponents/FNS_H_0000003393,"'Feniletilamin'	'phenylethylamine'","'PHETN'",
https://www.fns-cloud.eu/foodComponents/FNS_H_0000003394,"'phospholipids, total'	'Skupni fosfolipidi'","'PHOLIP'",
https://www.fns-cloud.eu/foodComponents/FNS_H_0000003395,"'phytosterols, total (total plant sterols)'	'Skupni fitosteroli (rastlinski steroli)'","'PHYSTR'",
https://www.fns-cloud.eu/foodComponents/FNS_H_0000003396,"'phytic acid'	'Fitinska kislina'","'PHYTAC'",
https://www.fns-cloud.eu/foodComponents/FNS_H_0000003397,"'piperine'	'Piperin'","'PIPN'",
https://www.fns-cloud.eu/foodComponents/FNS_H_0000003398,"'polyols, total'","'POLYL'",
https://www.fns-cloud.eu/foodComponents/FNS_H_0000003399,"'Običajni del/običajna porcija'	'usual portion'","'PORTION'",
https://www.fns-cloud.eu/foodComponents/FNS_H_0000003400,"'Prolin'	'proline'","'PRO'",
https://www.fns-cloud.eu/foodComponents/FNS_H_0000003401,"'Propionska kislina'	'propionic acid'","'PROPAC'",
https://www.fns-cloud.eu/foodComponents/FNS_H_0000003402,"'protein, total'	'Skupne beljakovine'","'PROT'",
https://www.fns-cloud.eu/foodComponents/FNS_H_0000003403,"'protein, animal'	'Beljakovine živalskega izvora'","'PROTAN'",
https://www.fns-cloud.eu/foodComponents/FNS_H_0000003404,"'Beljakovine rastlinskega izvora'	'protein, plant'","'PROTPL'",
https://www.fns-cloud.eu/foodComponents/FNS_H_0000003405,"'Beljakovine neznanega izvora'	'protein, unknown origin'","'PROTUNK'",
https://www.fns-cloud.eu/foodComponents/FNS_H_0000003406,"'Neškrobni necelulozni polisaharidi'	'non-starch polysaccharides, non-cellulosic'","'PSACNC'",
https://www.fns-cloud.eu/foodComponents/FNS_H_0000003407,"'non-starch polysaccharides, non-cellulosic, water-insoluble'	'Netopni neškrobni necelulozni polisaharidi'","'PSACNCI'",
https://www.fns-cloud.eu/foodComponents/FNS_H_0000003408,"'non-starch polysaccharides, non-cellulosic, water-soluble'	'Topni neškrobni necelulozni polisaharidi'","'PSACNCS'",
https://www.fns-cloud.eu/foodComponents/FNS_H_0000003409,"'polyuronic acids'","'PURAC'",
https://www.fns-cloud.eu/foodComponents/FNS_H_0000003410,"'purines'	'Purini'","'PURN'",
https://www.fns-cloud.eu/foodComponents/FNS_H_0000003411,"'Putrescin'	'putrescine'","'PUTRSC'",
https://www.fns-cloud.eu/foodComponents/FNS_H_0000003412,"'pyridoxal'	'Piridoksal'","'PYRXL'",
https://www.fns-cloud.eu/foodComponents/FNS_H_0000003413,"'Piridoksamin'	'pyridoxamine'","'PYRXM'",
https://www.fns-cloud.eu/foodComponents/FNS_H_0000003414,"'pyridoxine'	'Piridoksin'","'PYRXN'",
https://www.fns-cloud.eu/foodComponents/FNS_H_0000003415,"'Kvercetin'	'quercetin'","'QUERCE'",
https://www.fns-cloud.eu/foodComponents/FNS_H_0000003416,"'Rafinoza'	'raffinose'","'RAFS'",
https://www.fns-cloud.eu/foodComponents/FNS_H_0000003417,"'Rubidij'	'rubidium'","'RB'",
https://www.fns-cloud.eu/foodComponents/FNS_H_0000003418,"'retinaldehyde'","'RETALD'",
https://www.fns-cloud.eu/foodComponents/FNS_H_0000003419,"'retinol (preformed vitamin A)'	'Retinol'","'RETOL'",
https://www.fns-cloud.eu/foodComponents/FNS_H_0000003420,"'13-cis retinol'","'RETOL13'",
https://www.fns-cloud.eu/foodComponents/FNS_H_0000003421,"'all-trans retinol'","'RETOLAT'",
https://www.fns-cloud.eu/foodComponents/FNS_H_0000003422,"'all-trans retinol equivalents'	'Ekvivalenti all-trans retinola'","'RETOLTEQ'",
https://www.fns-cloud.eu/foodComponents/FNS_H_0000003423,"'dehydroretinol'","'RETOLDH'",
https://www.fns-cloud.eu/foodComponents/FNS_H_0000003424,"'Vitamin B2 (riboflavin)'	'riboflavin'","'RIBF'",
https://www.fns-cloud.eu/foodComponents/FNS_H_0000003425,"'ribose'","'RIBS'",
https://www.fns-cloud.eu/foodComponents/FNS_H_0000003426,"'sulphur'	'Žveplo'","'S'",
https://www.fns-cloud.eu/foodComponents/FNS_H_0000003427,"'Kalcijev saharin'	'calcium-saccharin'","'SACCCA'",
https://www.fns-cloud.eu/foodComponents/FNS_H_0000003428,"'Salicilna kislina'	'salicylic acid'","'SALAC'",
https://www.fns-cloud.eu/foodComponents/FNS_H_0000003429,"'Skupni selen'	'selenium, total'","'SE'",
https://www.fns-cloud.eu/foodComponents/FNS_H_0000003430,"'Secoisolaricirezinol'	'secoisolariciresinol'","'SECORES'",
https://www.fns-cloud.eu/foodComponents/FNS_H_0000003431,"'serine'	'Serin'","'SER'",
https://www.fns-cloud.eu/foodComponents/FNS_H_0000003432,"'serotonin'	'Serotonin'","'SEROTN'",
https://www.fns-cloud.eu/foodComponents/FNS_H_0000003433,"'Oblika'	'shape'","'SHAPE'",
https://www.fns-cloud.eu/foodComponents/FNS_H_0000003434,"'silicon'	'Silicij'","'SI'",
https://www.fns-cloud.eu/foodComponents/FNS_H_0000003435,"'sitosterol'	'Sitosterol'","'SITSTR'",
https://www.fns-cloud.eu/foodComponents/FNS_H_0000003436,"'solids, total'	'Skupne trdne snovi'","'SOLID'",
https://www.fns-cloud.eu/foodComponents/FNS_H_0000003437,"'sorbic acid'	'Sorbična kislina'","'SORAC'",
https://www.fns-cloud.eu/foodComponents/FNS_H_0000003438,"'sorbitol'	'Sorbit'","'SORTL'",
https://www.fns-cloud.eu/foodComponents/FNS_H_0000003439,"'Spermidin'	'spermidine'","'SPERDN'",
https://www.fns-cloud.eu/foodComponents/FNS_H_0000003440,"'Spermin'	'spermine'","'SPERN'",
https://www.fns-cloud.eu/foodComponents/FNS_H_0000003441,"'Spinasterol'	'spinasterol'","'SPISTR'",
https://www.fns-cloud.eu/foodComponents/FNS_H_0000003442,"'Sezonska kvaliteta'	'seasonal quality'","'SQ'",
https://www.fns-cloud.eu/foodComponents/FNS_H_0000003443,"'starch, total'	'Škrob'","'STARCH'",
https://www.fns-cloud.eu/foodComponents/FNS_H_0000003444,"'starch, resistant'","'STARES'",
https://www.fns-cloud.eu/foodComponents/FNS_H_0000003445,"'Stahioza'	'stachyose'","'STAS'",
https://www.fns-cloud.eu/foodComponents/FNS_H_0000003446,"'sterols, other'	'Drugi steroli'","'STEROTH'",
https://www.fns-cloud.eu/foodComponents/FNS_H_0000003447,"'Skupni steroli'	'sterols, total'","'STERT'",
https://www.fns-cloud.eu/foodComponents/FNS_H_0000003448,"'stigmasterol'	'Stigmasterol'","'STGSTR'",
https://www.fns-cloud.eu/foodComponents/FNS_H_0000003449,"'Delta 7-stigmasterol'	'delta 7-stigmasterol'","'STID7'",
https://www.fns-cloud.eu/foodComponents/FNS_H_0000003450,"'Delta 7,9,11-stigmastadienol'	'delta 7,9,11-stigmastadienol'","'STID7911'",
https://www.fns-cloud.eu/foodComponents/FNS_H_0000003451,"'Sukcinska kislina (jantarna kislina)'	'succinic acid'","'SUCAC'",
https://www.fns-cloud.eu/foodComponents/FNS_H_0000003452,"'Saharoza'	'sucrose'","'SUCS'",
https://www.fns-cloud.eu/foodComponents/FNS_H_0000003453,"'sugar, added'	'Dodani sladkor'","'SUGAD'",
https://www.fns-cloud.eu/foodComponents/FNS_H_0000003454,"'Naravni sladkor'	'sugar, natural'","'SUGAN'",
https://www.fns-cloud.eu/foodComponents/FNS_H_0000003455,"'Skupni sladkorji'	'sugars, total'","'SUGAR'",
https://www.fns-cloud.eu/foodComponents/FNS_H_0000003456,"'tannin'	'Tanini'","'TANNIN'",
https://www.fns-cloud.eu/foodComponents/FNS_H_0000003457,"'Vinska kislina'	'tartaric acid'","'TARAC'",
https://www.fns-cloud.eu/foodComponents/FNS_H_0000003458,"'taste'	'Okus'","'TASTE'",
https://www.fns-cloud.eu/foodComponents/FNS_H_0000003459,"'theobromine'	'Teobromin'","'THEBRN'",
https://www.fns-cloud.eu/foodComponents/FNS_H_0000003460,"'thiamin'	'Vitamin B1 (tiamin)'","'THIA'",
https://www.fns-cloud.eu/foodComponents/FNS_H_0000003461,"'Treonin'	'threonine'","'THR'",
https://www.fns-cloud.eu/foodComponents/FNS_H_0000003462,"'alpha-tocopherol'	'Alfa-tokoferol'","'TOCPHA'",
https://www.fns-cloud.eu/foodComponents/FNS_H_0000003463,"'beta-tocopherol'	'Beta-tokoferol'","'TOCPHB'",
https://www.fns-cloud.eu/foodComponents/FNS_H_0000003464,"'Delta-tokoferol'	'delta-tocopherol'","'TOCPHD'",
https://www.fns-cloud.eu/foodComponents/FNS_H_0000003465,"'Gama-tokoferol'	'gamma-tocopherol'","'TOCPHG'",
https://www.fns-cloud.eu/foodComponents/FNS_H_0000003466,"'Skupni tokoferoli'	'tocopherols, total'","'TOCPHT'",
https://www.fns-cloud.eu/foodComponents/FNS_H_0000003467,"'alpha-tocotrienol'	'Alfa-tokotrienol'","'TOCTRA'",
https://www.fns-cloud.eu/foodComponents/FNS_H_0000003468,"'Beta-tokotrienol'	'beta-tocotrienol'","'TOCTRB'",
https://www.fns-cloud.eu/foodComponents/FNS_H_0000003469,"'delta-tocotrienol'	'Delta-tokotrienol'","'TOCTRD'",
https://www.fns-cloud.eu/foodComponents/FNS_H_0000003470,"'Gama-tokotrienol'	'gamma-tocotrienol'","'TOCTRG'",
https://www.fns-cloud.eu/foodComponents/FNS_H_0000003471,"'Skupni tokotrienoli'	'tocotrienols, total'","'TOCTRT'",
https://www.fns-cloud.eu/foodComponents/FNS_H_0000003472,"'total ORAC'","'TOTAL-ORAC'",
https://www.fns-cloud.eu/foodComponents/FNS_H_0000003474,"'trehalose'	'Trehaloza'","'TRES'",
https://www.fns-cloud.eu/foodComponents/FNS_H_0000003475,"'Triptofan'	'tryptophan'","'TRP'",
https://www.fns-cloud.eu/foodComponents/FNS_H_0000003476,"'Triptamin'	'tryptamine'","'TRYPN'",
https://www.fns-cloud.eu/foodComponents/FNS_H_0000003477,"'Tirozin'	'tyrosine'","'TYR'",
https://www.fns-cloud.eu/foodComponents/FNS_H_0000003478,"'Tiramin'	'tyramine'","'TYRA'",
https://www.fns-cloud.eu/foodComponents/FNS_H_0000003479,"'Valin'	'valine'","'VAL'",
https://www.fns-cloud.eu/foodComponents/FNS_H_0000003480,"'vitamin A, retinol equiv from retinol and carotenoid activities'	'Vitamin A (ekvivalenti retinola)'","'VITA'",
https://www.fns-cloud.eu/foodComponents/FNS_H_0000003481,"'Vitamin A acetat'	'vitamin A acetate'","'VITAACT'",
https://www.fns-cloud.eu/foodComponents/FNS_H_0000003482,"'vitamin A palmitate'	'Vitamin A palmitat'","'VITAPAL'",
https://www.fns-cloud.eu/foodComponents/FNS_H_0000003483,"'Vitamin B12 (kobalamin)'	'vitamin B-12'","'VITB12'",
https://www.fns-cloud.eu/foodComponents/FNS_H_0000003484,"'vitamin B-6, total'	'Skupni vitamin B6'","'VITB6'",
https://www.fns-cloud.eu/foodComponents/FNS_H_0000003485,"'Vitamin C'	'vitamin C'","'VITC'",
https://www.fns-cloud.eu/foodComponents/FNS_H_0000003486,"'Vitamin D'	'vitamin D'","'VITD'",
https://www.fns-cloud.eu/foodComponents/FNS_H_0000003487,"'vitamin E,  alpha-tocopherol equiv from E vitamer activities'	'Vitamin E (ekvivalenti alfa-tokoferola)'","'VITE'",
https://www.fns-cloud.eu/foodComponents/FNS_H_0000003488,"'vitamin K, total'	'Vitamin K (skupni)'","'VITK'",
https://www.fns-cloud.eu/foodComponents/FNS_H_0000003489,"'vitamin K-1'	'Vitamin K1 (filokinon)'","'VITK1'",
https://www.fns-cloud.eu/foodComponents/FNS_H_0000003490,"'dihydro-vitamin K-1'	'Dihidrovitamin K1 (filohidrokinon)'","'VITK1D'",
https://www.fns-cloud.eu/foodComponents/FNS_H_0000003491,"'Vitamin K2 (menakinon)'	'vitamin K-2'","'VITK2'",
https://www.fns-cloud.eu/foodComponents/FNS_H_0000003492,"'Odpadek'	'waste'","'WASTE'",
https://www.fns-cloud.eu/foodComponents/FNS_H_0000003493,"'water'	'Voda'","'WATER'",
https://www.fns-cloud.eu/foodComponents/FNS_H_0000003494,"'Ksiloza'	'xylose'","'XYLS'",
https://www.fns-cloud.eu/foodComponents/FNS_H_0000003495,"'xylitol'	'Ksilit'","'XYLTL'",
https://www.fns-cloud.eu/foodComponents/FNS_H_0000003496,"'Zeaksantin'	'zeaxanthin'","'ZEA'",
https://www.fns-cloud.eu/foodComponents/FNS_H_0000003497,"'zinc'	'Cink'","'ZN'",
https://www.fns-cloud.eu/foodComponents/FNS_H_0000003498,"'Glikemična obremenitev'	'glycemic load'","'GL'",
https://www.fns-cloud.eu/foodComponents/FNS_H_0000003499,"'color'	'Barva'","'COLOR'",
https://www.fns-cloud.eu/foodComponents/FNS_H_0000003500,"'Probiotiki'	'probiotics'","'PROBIO'",
https://www.fns-cloud.eu/foodComponents/FNS_H_0000003501,"'carbon dioxide equivalent'	'Ekvivalent ogljikovega dioksida'","'CO2E'",
https://www.fns-cloud.eu/foodComponents/FNS_H_0000003502,"'Lactobacillus acidophilus LA-05'	'Lactobacillus acidophilus LA-05'","'LA-5'",
https://www.fns-cloud.eu/foodComponents/FNS_H_0000003503,"'Bifidobacterium animalis subsp. lactis'	'Bifidobacterium animalis subsp. lactis'","'BB-12'",
https://www.fns-cloud.eu/foodComponents/FNS_H_0000003504,"'Bifidobacterium animalis DN-173 010'	'Bifidobacterium animalis DN-173 010'","'DN-173-010'",
https://www.fns-cloud.eu/foodComponents/FNS_H_0000003505,"'Lactobacillus casei DN-114 001'	'Lactobacillus casei DN-114 001'","'DN-114-001'",
https://www.fns-cloud.eu/foodComponents/FNS_H_0000003506,"'Lactobacillus rhamnosus GG'	'Lactobacillus rhamnosus GG'","'LGG'",
https://www.fns-cloud.eu/foodComponents/FNS_H_0000003507,"'Lactobacillus gasseri'	'Lactobacillus gasseri'","'L.GASSERI'",
https://www.fns-cloud.eu/foodComponents/FNS_H_0000003508,"'Bifidobacterium infantis'	'Bifidobacterium infantis'","'B.INFANTIS'",
https://www.fns-cloud.eu/foodComponents/FNS_H_0000003509,"'Enterococcus faecalis'	'Enterococcus faecalis'","'E.FAECALIS'",
https://www.fns-cloud.eu/foodComponents/FNS_H_0000003510,"'maltooligosaccharides'	'Maltooligosaharidi'","'MOS'",
https://www.fns-cloud.eu/foodComponents/FNS_H_0000003511,"'maltoheptaose'	'Maltoheptoza'","'MALHPS'",
https://www.fns-cloud.eu/foodComponents/FNS_H_0000003512,"'Maltoheksoza'	'maltohexaose'","'MALHXS'",
https://www.fns-cloud.eu/foodComponents/FNS_H_0000003513,"'maltopentaose'	'Maltopentoza'","'MAPTS'",
https://www.fns-cloud.eu/foodComponents/FNS_H_0000003514,"'maltotetraose'	'Maltotetraoza'","'MALTTS'",
https://www.fns-cloud.eu/foodComponents/FNS_H_0000003515,"'chitin'	'Hitin'","'CHITIN'",
https://www.fns-cloud.eu/foodComponents/FNS_H_0000003516,"'fibre, high molecular weight'	'Prehranska vlaknina z visoko molekulsko maso'","'FIBHMW'",
https://www.fns-cloud.eu/foodComponents/FNS_H_0000003517,"'Netopna prehranska vlaknina z visoko molekulsko maso'	'fibre, high molecular weight, water-insoluble'","'FIBHMWI'",
https://www.fns-cloud.eu/foodComponents/FNS_H_0000003518,"'Topna prehranska vlaknina z visoko molekulsko maso'	'fibre, high molecular weight, water-soluble'","'FIBHMWS'",
https://www.fns-cloud.eu/foodComponents/FNS_H_0000003519,"'Prehranska vlaknina z nizko molekulsko maso'	'fibre, low molecular weight'","'FIBLMW'",
https://www.fns-cloud.eu/foodComponents/FNS_H_0000003520,"'oligosaccharides, non-digestible'	'Neprebavljivi oligosaharidi'","'NDO'",
https://www.fns-cloud.eu/foodComponents/FNS_H_0000003521,"'Oligosaharidi morskih alg'	'algae derived marine oligosaccharides'","'ADMO'",
https://www.fns-cloud.eu/foodComponents/FNS_H_0000003522,"'Hitooligosaharidi'	'chitooligosaccharides'","'COS'",
https://www.fns-cloud.eu/foodComponents/FNS_H_0000003523,"'ajugose'	'Ajugoza'","'AJUGS'",
https://www.fns-cloud.eu/foodComponents/FNS_H_0000003524,"'Verbaskoza'	'verbascose'","'VERS'",
https://www.fns-cloud.eu/foodComponents/FNS_H_0000003525,"'arabinooligosaccharides'	'Arabinooligosaharidi'","'AOS'",
https://www.fns-cloud.eu/foodComponents/FNS_H_0000003526,"'cyclodextrins'	'Ciklodekstrini'","'CDEXTRN'",
https://www.fns-cloud.eu/foodComponents/FNS_H_0000003527,"'fructooligosaccharides'	'Fruktooligosaharidi'","'FOS'",
https://www.fns-cloud.eu/foodComponents/FNS_H_0000003528,"'fructooligosaccharides, graminan-type'	'Fruktooligosaharidi graminanskega tipa'","'GRAMNFOS'",
https://www.fns-cloud.eu/foodComponents/FNS_H_0000003529,"'1,6-kestotetraoza'	'1,6-kestotetraose'","'KEST1-6'",
https://www.fns-cloud.eu/foodComponents/FNS_H_0000003530,"'fructooligosaccharides, inulin-type'	'Fruktooligosaharidi inulinskega tipa'","'INULFOS'",
https://www.fns-cloud.eu/foodComponents/FNS_H_0000003531,"'1F-fruktofuranozilnistoza'	'1F--fructofuranosylnystose'","'FNYSTS'",
https://www.fns-cloud.eu/foodComponents/FNS_H_0000003532,"'1-kestoza'	'1-kestose'","'KEST1'",
https://www.fns-cloud.eu/foodComponents/FNS_H_0000003533,"'Nistoza'	'nystose'","'NYSTS'",
https://www.fns-cloud.eu/foodComponents/FNS_H_0000003534,"'6-kestose'	'6-kestoza'","'KEST6'",
https://www.fns-cloud.eu/foodComponents/FNS_H_0000003535,"'Fruktooligosaharidi tipa neo'	'fructooligosaccharides, neo-type'","'NEOFOS'",
https://www.fns-cloud.eu/foodComponents/FNS_H_0000003536,"'neokestose'	'Neokestoza'","'NEOKEST'",
https://www.fns-cloud.eu/foodComponents/FNS_H_0000003537,"'Neonistoza'	'neonystose'","'NEONYST'",
https://www.fns-cloud.eu/foodComponents/FNS_H_0000003538,"'Galaktooligosaharidi'	'galactooligosaccharides'","'GOS'",
https://www.fns-cloud.eu/foodComponents/FNS_H_0000003539,"'Gentiooligosaharidi'	'gentiooligosaccharides'","'GEOS'",
https://www.fns-cloud.eu/foodComponents/FNS_H_0000003540,"'human milk oligosaccharides'	'Oligosaharidi humanega mleka'","'HMO'",
https://www.fns-cloud.eu/foodComponents/FNS_H_0000003541,"'Izomaltooligosaharidi'	'isomaltooligosaccharides'","'IMO'",
https://www.fns-cloud.eu/foodComponents/FNS_H_0000003542,"'Izomaltotrioza'	'isomaltotriose'","'IMALTRS'",
https://www.fns-cloud.eu/foodComponents/FNS_H_0000003543,"'Panoza'	'panose'","'PANOS'",
https://www.fns-cloud.eu/foodComponents/FNS_H_0000003544,"'Laktosaharoza'	'lactosucrose'","'LACTS'",
https://www.fns-cloud.eu/foodComponents/FNS_H_0000003545,"'maltosylfructosides'	'Maltozilfruktozidi'","'MFOS'",
https://www.fns-cloud.eu/foodComponents/FNS_H_0000003546,"'erlose'	'Erloza'","'ERLOS'",
https://www.fns-cloud.eu/foodComponents/FNS_H_0000003547,"'Pektinski oligosaharidi'	'pectic oligosaccharides'","'POS'",
https://www.fns-cloud.eu/foodComponents/FNS_H_0000003548,"'resistant maltooligosaccharides'	'Rezistentni maltooligosaharidi'","'RMOS'",
https://www.fns-cloud.eu/foodComponents/FNS_H_0000003549,"'xylooligosaccharides'	'Ksilooligosaharidi'","'XOS'",
https://www.fns-cloud.eu/foodComponents/FNS_H_0000003550,"'Fruktani'	'fructan'","'FRUTN'",
https://www.fns-cloud.eu/foodComponents/FNS_H_0000003551,"'Agavin'	'agavin'","'AGAVN'",
https://www.fns-cloud.eu/foodComponents/FNS_H_0000003552,"'graminan'	'Graminan'","'GRAMN'",
https://www.fns-cloud.eu/foodComponents/FNS_H_0000003553,"'levan'	'Levan'","'LEVN'",
https://www.fns-cloud.eu/foodComponents/FNS_H_0000003554,"'neo-inulin'	'Neo-inulin'","'NINULN'",
https://www.fns-cloud.eu/foodComponents/FNS_H_0000003555,"'Neo-levan'	'neo-levan'","'NLEVN'",
https://www.fns-cloud.eu/foodComponents/FNS_H_0000003556,"'hemicellulose'	'Hemiceluloza'","'HEMCEL'",
https://www.fns-cloud.eu/foodComponents/FNS_H_0000003557,"'beta glucans'	'Beta-glukani'","'GLUCNB'",
https://www.fns-cloud.eu/foodComponents/FNS_H_0000003558,"'Glukomanan'	'glucomannan'","'GLUMN'",
https://www.fns-cloud.eu/foodComponents/FNS_H_0000003559,"'mannan'	'Manan'","'MANN'",
https://www.fns-cloud.eu/foodComponents/FNS_H_0000003560,"'xylan'	'Ksilan'","'XYLN'",
https://www.fns-cloud.eu/foodComponents/FNS_H_0000003561,"'Arabinoksilan'	'arabinoxylan'","'AXYLN'",
https://www.fns-cloud.eu/foodComponents/FNS_H_0000003562,"'glucuronoarabinoxylan'	'Glukuronoarabinoksilan'","'GAXYLN'",
https://www.fns-cloud.eu/foodComponents/FNS_H_0000003563,"'Ksiloglukan'	'xyloglucan'","'XYLGLC'",
https://www.fns-cloud.eu/foodComponents/FNS_H_0000003564,"'polydextrose'	'Uredi'","'POLYDEXS'",
https://www.fns-cloud.eu/foodComponents/FNS_H_0000003565,"'starch, resistant RS1'	'Uredi'","'STARES1'",
https://www.fns-cloud.eu/foodComponents/FNS_H_0000003566,"'Uredi'	'starch, resistant RS2'","'STARES2'",
https://www.fns-cloud.eu/foodComponents/FNS_H_0000003567,"'starch, resistant RS3'	'Uredi'","'STARES3'",
https://www.fns-cloud.eu/foodComponents/FNS_H_0000003568,"'starch, resistant RS4'	'Uredi'","'STARES4'",
https://www.fns-cloud.eu/foodComponents/FNS_H_0000003569,"'Uredi'	'starch, resistant RS5'","'STARES5'",
https://www.fns-cloud.eu/foodComponents/FNS_H_0000003570,"'Uredi'	'inositol diphosphate'","'INOTLP2'",
https://www.fns-cloud.eu/foodComponents/FNS_H_0000003571,"'Uredi'	'inositol monophosphate'","'INOTLP1'",
https://www.fns-cloud.eu/foodComponents/FNS_H_0000003572,"'inositol pentaphosphate'	'Uredi'","'INOTLP5'",
https://www.fns-cloud.eu/foodComponents/FNS_H_0000003573,"'inositol tetraphosphate'	'Uredi'","'INOTLP4'",
https://www.fns-cloud.eu/foodComponents/FNS_H_0000003574,"'Uredi'	'inositol triphosphate'","'INOTLP3'",
https://www.fns-cloud.eu/foodComponents/FNS_H_0000003575,"'Uredi'	'maltitol'","'MALTL'",
https://www.fns-cloud.eu/foodComponents/FNS_H_0000003576,"'mannose'	'Uredi'","'MANS'",
https://www.fns-cloud.eu/foodComponents/FNS_H_0000003577,"'Uredi'	'tagatose'","'TAGS'",
https://www.fns-cloud.eu/foodComponents/FNS_H_0000003578,"'sugar, free'","'FSUGAD'",
https://www.fns-cloud.eu/foodComponents/FNS_H_0000003579,"'sugar, simple'	'Uredi'","'SSUGAD'",
https://www.fns-cloud.eu/foodComponents/FNS_H_0000003580,"'Intenzivna sladila'	'sweteners'","'SWEETNR'",
https://www.fns-cloud.eu/foodComponents/FNS_H_0000003581,"'Advantam'	'advantame'","'ADVANTM'",
https://www.fns-cloud.eu/foodComponents/FNS_H_0000003582,"'aspartame-acesulfame salt'	'Aspartam-acesulfamova sol'","'ASPM-ACES'",
https://www.fns-cloud.eu/foodComponents/FNS_H_0000003583,"'erythritol'	'Uredi'","'ERYTHL'",
https://www.fns-cloud.eu/foodComponents/FNS_H_0000003584,"'Neohesperidin dihidrohalkon'	'neohesperidin dihydrochalcone'","'NEOHESP'",
https://www.fns-cloud.eu/foodComponents/FNS_H_0000003585,"'Neotam'	'neotame'","'NEOTM'",
https://www.fns-cloud.eu/foodComponents/FNS_H_0000003586,"'Sirup poliglicitola'	'polyglycitol syrup'","'PGLYCT'",
https://www.fns-cloud.eu/foodComponents/FNS_H_0000003587,"'saccharin'	'Saharin'","'SACC'",
https://www.fns-cloud.eu/foodComponents/FNS_H_0000003588,"'potassium-saccharin'	'Kalijev saharin'","'SACCK'",
https://www.fns-cloud.eu/foodComponents/FNS_H_0000003589,"'sodium-saccharin'	'Natrijev saharin'","'SACCNA'",
https://www.fns-cloud.eu/foodComponents/FNS_H_0000003590,"'steviol glycosides'	'Steviol glikozidi'","'STEVGLYC'",
https://www.fns-cloud.eu/foodComponents/FNS_H_0000003591,"'dulcoside A'	'Dulkozid A'","'DULCA'",
https://www.fns-cloud.eu/foodComponents/FNS_H_0000003592,"'Rebaudiozid A'	'rebaudioside A'","'REBA'",
https://www.fns-cloud.eu/foodComponents/FNS_H_0000003593,"'Rebaudiozid B'	'rebaudioside B'","'REBB'",
https://www.fns-cloud.eu/foodComponents/FNS_H_0000003594,"'rebaudioside C'	'Rebaudiozid C'","'REBC'",
https://www.fns-cloud.eu/foodComponents/FNS_H_0000003595,"'Rebaudiozid D'	'rebaudioside D'","'REBD'",
https://www.fns-cloud.eu/foodComponents/FNS_H_0000003596,"'Rebaudiozid E'	'rebaudioside E'","'REBE'",
https://www.fns-cloud.eu/foodComponents/FNS_H_0000003597,"'rebaudioside F'	'Rebaudiozid F'","'REBF'",
https://www.fns-cloud.eu/foodComponents/FNS_H_0000003598,"'rebaudioside M'	'Rebaudiozid M'","'REBM'",
https://www.fns-cloud.eu/foodComponents/FNS_H_0000003599,"'Rubusozid'	'rubusoside'","'RUB'",
https://www.fns-cloud.eu/foodComponents/FNS_H_0000003600,"'steviol'	'Steviol'","'STEVL'",
https://www.fns-cloud.eu/foodComponents/FNS_H_0000003601,"'Steviolbiozid'	'steviolbioside'","'STEVBIO'",
https://www.fns-cloud.eu/foodComponents/FNS_H_0000003602,"'stevioside'	'Steviozid'","'STEV'",
https://www.fns-cloud.eu/foodComponents/FNS_H_0000003603,"'Sukraloza'	'sucralose'","'SUCRL'",
https://www.fns-cloud.eu/foodComponents/FNS_H_0000003604,"'thaumatin'	'Tavmatin'","'THAUMN'",
https://www.fns-cloud.eu/foodComponents/FNS_H_0000003605,"'salatrims'	'Salatrimi (kratko- in dolgoverižne molekule acil triglicerida)'","'SALATR'",
https://www.fns-cloud.eu/foodComponents/FNS_H_0000003606,"'Skupne cis MK'	'fatty acids, total cis'","'FACIS'",
https://www.fns-cloud.eu/foodComponents/FNS_H_0000003607,"'Skupne omega-3 MK'	'fatty acids, total n-3'","'FAN3'",
https://www.fns-cloud.eu/foodComponents/FNS_H_0000003608,"'Supne omega-6 MK'	'fatty acids, total n-6'","'FAN6'",
https://www.fns-cloud.eu/foodComponents/FNS_H_0000003609,"'Skupne omega-9 MK'	'fatty acids, total n-9'","'FAN9'",
https://www.fns-cloud.eu/foodComponents/FNS_H_0000003610,"'fatty acids, total trans n-3'	'Skupne trans omega-3 MK'","'FATN3'",
https://www.fns-cloud.eu/foodComponents/FNS_H_0000003611,"'Astaksantin'	'astaxanthin'","'ASTAX'",
https://www.fns-cloud.eu/foodComponents/FNS_H_0000003612,"'Cis beta karoten'	'beta-carotene, cis'","'CARTBCIS'",
https://www.fns-cloud.eu/foodComponents/FNS_H_0000003613,"'beta-carotene, total'	'Skupni beta karoten'","'CARTBTOT'",
https://www.fns-cloud.eu/foodComponents/FNS_H_0000003614,"'capsanthin'	'Kapsantin'","'CAPSAN'",
https://www.fns-cloud.eu/foodComponents/FNS_H_0000003615,"'Skupne trans omega-6 MK'	'fatty acids, total trans n-6'","'FATN6'",
https://www.fns-cloud.eu/foodComponents/FNS_H_0000003616,"'fatty acids, total trans n-9'	'Skupne trans omega-9 MK'","'FATN9'",
https://www.fns-cloud.eu/foodComponents/FNS_H_0000003617,"'Skupne nenasičene MK'	'fatty acids, total unsaturated'","'FAUNSAT'",
https://www.fns-cloud.eu/foodComponents/FNS_H_0000003618,"'fatty acid 14:1 n-9 cis'	'MK 14:1 omega-9 cis'","'F14:1CN9'",
https://www.fns-cloud.eu/foodComponents/FNS_H_0000003619,"'MK 14:1 trans'	'fatty acid 14:1 trans'","'F14:1TRS'",
https://www.fns-cloud.eu/foodComponents/FNS_H_0000003620,"'MK 15:1 cis'	'fatty acid 15:1 cis'","'F15:1CIS'",
https://www.fns-cloud.eu/foodComponents/FNS_H_0000003621,"'fatty acid 15:1 cis unknown position'	'MK 15:1 cis-neznan položaj'","'F15:1CNX'",
https://www.fns-cloud.eu/foodComponents/FNS_H_0000003622,"'MK 15:1 omega-9 cis'	'fatty acid 15:1 n-9 cis'","'F15:1CN9'",
https://www.fns-cloud.eu/foodComponents/FNS_H_0000003623,"'MK 15:1 trans'	'fatty acid 15:1 trans'","'F15:1TRS'",
https://www.fns-cloud.eu/foodComponents/FNS_H_0000003624,"'fatty acid 16:1 n-9 trans'	'MK 16:1 omega-9 trans'","'F16:1TN9'",
https://www.fns-cloud.eu/foodComponents/FNS_H_0000003625,"'fatty acid 17:1 cis'	'MK 17:1 cis'","'F17:1CIS'",
https://www.fns-cloud.eu/foodComponents/FNS_H_0000003626,"'MK 17:1 omega-9 cis'	'fatty acid 17:1 n-9 cis'","'F17:1CN9'",
https://www.fns-cloud.eu/foodComponents/FNS_H_0000003627,"'fatty acid 17:1 trans'	'MK 17:1 trans'","'F17:1TRS'",
https://www.fns-cloud.eu/foodComponents/FNS_H_0000003628,"'fatty acid 18:1 (n<4) cis'	'MK 18:1 (omega<4) cis'","'F18:1CN3B'",
https://www.fns-cloud.eu/foodComponents/FNS_H_0000003629,"'MK 18:1 cis preostanek'	'fatty acid 18:1 cis, remainder'","'F18:1CR'",
https://www.fns-cloud.eu/foodComponents/FNS_H_0000003630,"'MK 19:1'	'fatty acid 19:1 (nonadecenoic acid)'","'F19:1'",
https://www.fns-cloud.eu/foodComponents/FNS_H_0000003631,"'fatty acid 19:1 cis'	'MK 19:1 cis'","'F19:1CIS'",
https://www.fns-cloud.eu/foodComponents/FNS_H_0000003632,"'fatty acid 19:1 trans'	'MK 19:1 trans'","'F19:1TRS'",
https://www.fns-cloud.eu/foodComponents/FNS_H_0000003633,"'fatty acid 20:1 n-7 cis'	'MK 20:1 omega-7 cis'","'F20:1CN7'",
https://www.fns-cloud.eu/foodComponents/FNS_H_0000003634,"'MK 22:1 trans'	'fatty acid 22:1 trans'","'F22:1TRS'",
https://www.fns-cloud.eu/foodComponents/FNS_H_0000003635,"'MK 24:1 cis'	'fatty acid 24:1 cis'","'F24:1CIS'",
https://www.fns-cloud.eu/foodComponents/FNS_H_0000003636,"'fatty acid 24:1 trans'	'MK 24:1 trans'","'F24:1TRS'",
https://www.fns-cloud.eu/foodComponents/FNS_H_0000003637,"'Preostale enkrat nenasičene MK'	'fatty acids, monounsaturated, remainder'","'FAMSXR'",
https://www.fns-cloud.eu/foodComponents/FNS_H_0000003638,"'fatty acid 16:2 n-4 cis,cis'	'MK 16:2 omega-4 cis,cis'","'F16:2CN4'",
https://www.fns-cloud.eu/foodComponents/FNS_H_0000003639,"'MK 16:3 omega-3 vse cis'	'fatty acid 16:3 n-3 all-cis'","'F16:3CN3'",
https://www.fns-cloud.eu/foodComponents/FNS_H_0000003640,"'MK 16:4 omega-3 vse cis'	'fatty acid 16:4 n-3 all-cis'","'F16:4CN3'",
https://www.fns-cloud.eu/foodComponents/FNS_H_0000003641,"'Konjugirana MK 18:2 c9, t11'	'fatty acid 18:2 conjugated, c9,t11'","'F18:2C9T11'",
https://www.fns-cloud.eu/foodComponents/FNS_H_0000003642,"'Konjugirana MK 18:2 t10, c12'	'fatty acid 18:2 conjugated, t10,c12'","'F18:2T10C12'",
https://www.fns-cloud.eu/foodComponents/FNS_H_0000003643,"'fatty acid 18:2, n-6 or n-9 not known'	'MK 18:2 neznan omega-6 ali omega-9'","'F18:2CNX'",
https://www.fns-cloud.eu/foodComponents/FNS_H_0000003644,"'MK 18:3 trans'	'fatty acid 18:3 trans'","'F18:3TRS'",
https://www.fns-cloud.eu/foodComponents/FNS_H_0000003645,"'MK 19:3'	'fatty acid 19:3'","'F19:3'",
https://www.fns-cloud.eu/foodComponents/FNS_H_0000003646,"'fatty acid 20:2 n-6 trans,trans'	'MK 20:2 omega-6 trans,trans'","'F20:2TN6'",
https://www.fns-cloud.eu/foodComponents/FNS_H_0000003647,"'MK 20:2 trans,trans'	'fatty acid 20:2 trans,trans'","'F20:2TT'",
https://www.fns-cloud.eu/foodComponents/FNS_H_0000003648,"'MK 20:3 trans'	'fatty acid 20:3 trans'","'F20:3TRS'",
https://www.fns-cloud.eu/foodComponents/FNS_H_0000003649,"'Uredi'	'fatty acid 20:4 n-3 all-cis'","'F20:4CN3'",
https://www.fns-cloud.eu/foodComponents/FNS_H_0000003650,"'MK 20:4 trans'	'fatty acid 20:4 trans'","'F20:4TRS'",
https://www.fns-cloud.eu/foodComponents/FNS_H_0000003651,"'fatty acid 21:5 n-3 (heneicosapentaenoic acid)'	'Uredi'","'F21:5N3'",
https://www.fns-cloud.eu/foodComponents/FNS_H_0000003652,"'fatty acid 22:2 trans'	'MK 22:2 trans'","'F22:2TRS'",
https://www.fns-cloud.eu/foodComponents/FNS_H_0000003653,"'fatty acid 22:3'	'MK 22:3'","'F22:3'",
https://www.fns-cloud.eu/foodComponents/FNS_H_0000003654,"'fatty acid 22:5 trans'	'MK 22:6 trans'","'F22:5TRS'",
https://www.fns-cloud.eu/foodComponents/FNS_H_0000003655,"'MK 22:6 trans'	'fatty acid 22:6 trans'","'F22:6TRS'",
https://www.fns-cloud.eu/foodComponents/FNS_H_0000003656,"'MK 24:2'	'fatty acid 24:2 (tetracosadienoic acid)'","'F24:2'",
https://www.fns-cloud.eu/foodComponents/FNS_H_0000003657,"'fatty acid 24:2 n-6'	'MK 24:2 omega-6'","'F24:2N6'",
https://www.fns-cloud.eu/foodComponents/FNS_H_0000003658,"'MK 24:6'	'fatty acid 24:6 (tetracosahexaenoic acid)'","'F24:6'",
https://www.fns-cloud.eu/foodComponents/FNS_H_0000003659,"'Uredi'	'fatty acid 24:6 n-3 all-cis'","'F24:6CN3'",
https://www.fns-cloud.eu/foodComponents/FNS_H_0000003660,"'fatty acids, polyunsaturated, total C20'	'Uredi'","'F20:P'",
https://www.fns-cloud.eu/foodComponents/FNS_H_0000003661,"'Uredi'	'fatty acids, polyunsaturated, total C22'","'F22:P'",
https://www.fns-cloud.eu/foodComponents/FNS_H_0000003662,"'Skupne cis večkrat nenasičene MK'	'fatty acids, polyunsaturated, total cis'","'FAPUCIS'",
https://www.fns-cloud.eu/foodComponents/FNS_H_0000003663,"'Uredi'	'fatty acids, polyunsaturated, total cis methylene-interrupted'","'FAPUCISN'",
https://www.fns-cloud.eu/foodComponents/FNS_H_0000003664,"'fatty acids, polyunsaturated, total cis n-3'	'Skupne cis omega-3 večkrat nenasičene MK'","'FAPUCN3'",
https://www.fns-cloud.eu/foodComponents/FNS_H_0000003665,"'fatty acids, polyunsaturated, total cis n-6'	'Skupne cis omega-6 večkrat nenasičene MK'","'FAPUCN6'",
https://www.fns-cloud.eu/foodComponents/FNS_H_0000003666,"'Skupne dolgoverižne omega-3 večkrat nenasičene MK'	'fatty acids, polyunsaturated, total n-3 long-chain'","'FAPUN3LC'",
https://www.fns-cloud.eu/foodComponents/FNS_H_0000003667,"'fatty acids, polyunsaturated, total trans'	'Skupne trans večkrat nenasičene MK'","'FAPUTRS'",
https://www.fns-cloud.eu/foodComponents/FNS_H_0000003668,"'Skupne trans omega-3 večkrat nenasičene MK'	'fatty acids, polyunsaturated, total trans n-3'","'FAPUTN3'",
https://www.fns-cloud.eu/foodComponents/FNS_H_0000003669,"'Skupne trans omega-6 večkrat nenasičene MK'	'fatty acids, polyunsaturated, total trans n-6'","'FAPUTN6'",
https://www.fns-cloud.eu/foodComponents/FNS_H_0000003670,"'Uredi'	'fatty acid 16:0 (trimethyltridecanoic acid)'","'F16:0-3ME'",
https://www.fns-cloud.eu/foodComponents/FNS_H_0000003671,"'Uredi'	'fatty acid 18:0 dihydroxy'","'F18:0DO'",
https://www.fns-cloud.eu/foodComponents/FNS_H_0000003672,"'Uredi'	'fatty acid 19:0 (pristanic acid)'","'F19:0-4ME'",
https://www.fns-cloud.eu/foodComponents/FNS_H_0000003673,"'fatty acid 20:0 (phytanic acid)'	'Uredi'","'F20:0-4ME'",
https://www.fns-cloud.eu/foodComponents/FNS_H_0000003674,"'Maščobna kislina 25:0 (pentakozanojska kislina)'	'fatty acid 25:0'","'F25:0'",
https://www.fns-cloud.eu/foodComponents/FNS_H_0000003675,"'Maščobna kislina 5:0 (valerična kislina)'	'fatty acid 5:0'","'F5:0'",
https://www.fns-cloud.eu/foodComponents/FNS_H_0000003676,"'fatty acid 7:0'	'Maščobna kislina 7:0 (heptanojska kislina)'","'F7:0'",
https://www.fns-cloud.eu/foodComponents/FNS_H_0000003677,"'fatty acid 9:0'	'Pelargonska kislina (MK 9:0)'","'F9:0'",
https://www.fns-cloud.eu/foodComponents/FNS_H_0000003678,"'Uredi'	'plasmalogen'","'PLSGN'",
https://www.fns-cloud.eu/foodComponents/FNS_H_0000003679,"'Uredi'	'sphingolipid'","'SPHLIP'",
https://www.fns-cloud.eu/foodComponents/FNS_H_0000003680,"'11-cis-retinaldehyde'	'Uredi'","'RETALD11'",
https://www.fns-cloud.eu/foodComponents/FNS_H_0000003681,"'Uredi'	'13-cis-retinoic acid'","'RETINAC13'",
https://www.fns-cloud.eu/foodComponents/FNS_H_0000003682,"'Uredi'	'retinoic acid'","'RETINAC'",
https://www.fns-cloud.eu/foodComponents/FNS_H_0000003683,"'phosphorus pentoxide'	'Fosforjev pentoksid'","'P2O5'",
https://www.fns-cloud.eu/foodComponents/FNS_H_0000003684,"'salt, added'	'Dodana sol'","'NACLAD'",
https://www.fns-cloud.eu/foodComponents/FNS_H_0000003685,"'antimony'	'Antimon'","'SB'",
https://www.fns-cloud.eu/foodComponents/FNS_H_0000003686,"'barium'	'Barij'","'BA'",
https://www.fns-cloud.eu/foodComponents/FNS_H_0000003687,"'Bizmut'	'bismuth'","'BI'",
https://www.fns-cloud.eu/foodComponents/FNS_H_0000003688,"'caesium'	'Cezij'","'CS'",
https://www.fns-cloud.eu/foodComponents/FNS_H_0000003689,"'gold'	'Zlato'","'AU'",
https://www.fns-cloud.eu/foodComponents/FNS_H_0000003690,"'lanthanum'	'Lantan'","'LA'",
https://www.fns-cloud.eu/foodComponents/FNS_H_0000003691,"'lithium'	'Litij'","'LI'",
https://www.fns-cloud.eu/foodComponents/FNS_H_0000003692,"'silver'	'Srebro'","'AG'",
https://www.fns-cloud.eu/foodComponents/FNS_H_0000003693,"'Stroncij'	'strontium'","'SR'",
https://www.fns-cloud.eu/foodComponents/FNS_H_0000003694,"'Kositer'	'tin'","'SN'",
https://www.fns-cloud.eu/foodComponents/FNS_H_0000003695,"'titanium'	'Titan'","'TI'",
https://www.fns-cloud.eu/foodComponents/FNS_H_0000003696,"'vanadium'	'Vanadij'","'V'",
https://www.fns-cloud.eu/foodComponents/FNS_H_0000003697,"'hydroxylysine'	'Hidroksilizin'","'HYL'",
https://www.fns-cloud.eu/foodComponents/FNS_H_0000003698,"'taurine'	'Tavrin'","'TAU'",
https://www.fns-cloud.eu/foodComponents/FNS_H_0000003699,"'adenine'	'Adenin'","'ADEN'",
https://www.fns-cloud.eu/foodComponents/FNS_H_0000003700,"'Sečna kislina'	'uric acid'","'URAC'",
https://www.fns-cloud.eu/foodComponents/FNS_H_0000003701,"'Dušik iz aminokislin'	'nitrogen, amino acid'","'NAA'",
https://www.fns-cloud.eu/foodComponents/FNS_H_0000003702,"'aconitic acid'	'Akonitinska kislina'","'ACONAC'",
https://www.fns-cloud.eu/foodComponents/FNS_H_0000003703,"'Adipinska kislina'	'adipic acid'","'ADIAC'",
https://www.fns-cloud.eu/foodComponents/FNS_H_0000003704,"'alpha-ketoglutaric acid'	'Alfa ketoglutarična kislina'","'GLUAKAC'",
https://www.fns-cloud.eu/foodComponents/FNS_H_0000003705,"'Kofeinska kislina'	'caffeic acid'","'CAFAC'",
https://www.fns-cloud.eu/foodComponents/FNS_H_0000003706,"'chlorogenic acid'	'Klorogenska kislina'","'CHLRAC'",
https://www.fns-cloud.eu/foodComponents/FNS_H_0000003707,"'Ferulična kislina'	'ferulic acid'","'FERAC'",
https://www.fns-cloud.eu/foodComponents/FNS_H_0000003708,"'formic acid'	'Mravljinčna kislina'","'FORAC'",
https://www.fns-cloud.eu/foodComponents/FNS_H_0000003709,"'galacturonic acid'	'Galakturonska kislina'","'GALAAC'",
https://www.fns-cloud.eu/foodComponents/FNS_H_0000003710,"'gallic acid'	'Galna kislina'","'GALLAC'",
https://www.fns-cloud.eu/foodComponents/FNS_H_0000003711,"'Glukonska kislina'	'gluconic acid'","'GLUCAC'",
https://www.fns-cloud.eu/foodComponents/FNS_H_0000003712,"'glycolic acid'	'Glikolna kislina'","'GLYCLAC'",
https://www.fns-cloud.eu/foodComponents/FNS_H_0000003713,"'Glioksalna kislina'	'glyoxalic acid'","'GLYOXAC'",
https://www.fns-cloud.eu/foodComponents/FNS_H_0000003714,"'malonic acid'	'Malonska kislina'","'MALONAC'",
https://www.fns-cloud.eu/foodComponents/FNS_H_0000003715,"'oxaloacetic acid'	'Oksalocetna kislina'","'OXACAC'",
https://www.fns-cloud.eu/foodComponents/FNS_H_0000003716,"'para-hydroxybenzoic acid'	'Para-hidroksibenzojska kislina'","'PARHBAC'",
https://www.fns-cloud.eu/foodComponents/FNS_H_0000003717,"'pimelic acid'	'Pimelična kislina'","'PIMAC'",
https://www.fns-cloud.eu/foodComponents/FNS_H_0000003718,"'pyroglutamic acid'	'Piroglutaminska kislina'","'PYROGAC'",
https://www.fns-cloud.eu/foodComponents/FNS_H_0000003719,"'Piruvična kislina'	'pyruvic acid'","'PYRAC'",
https://www.fns-cloud.eu/foodComponents/FNS_H_0000003720,"'Kvinolinska kislina'	'quinolinic acid'","'QUINLAC'",
https://www.fns-cloud.eu/foodComponents/FNS_H_0000003721,"'shikimic acid'	'Šikiminska kislina'","'SHIKAC'",
https://www.fns-cloud.eu/foodComponents/FNS_H_0000003722,"'Skupni antocianidini'	'anthocyanidins, total'","'ANTCYAN'",
https://www.fns-cloud.eu/foodComponents/FNS_H_0000003723,"'cyanidin'	'Cianidin'","'CYAD'",
https://www.fns-cloud.eu/foodComponents/FNS_H_0000003724,"'delphinidin'	'Delfinidin'","'DELPH'",
https://www.fns-cloud.eu/foodComponents/FNS_H_0000003725,"'malvidin'	'Malvidin'","'MALVIDIN'",
https://www.fns-cloud.eu/foodComponents/FNS_H_0000003726,"'Peonidin'	'peonidin'","'PEONIDIN'",
https://www.fns-cloud.eu/foodComponents/FNS_H_0000003727,"'petunidin'	'Petunidin'","'PETUNIDIN'",
https://www.fns-cloud.eu/foodComponents/FNS_H_0000003728,"'catechins, total'	'Skupni katehini'","'CATECT'",
https://www.fns-cloud.eu/foodComponents/FNS_H_0000003729,"'epicatechin-3-gallate'	'Epikatehin-3-galat'","'EPICATECG3'",
https://www.fns-cloud.eu/foodComponents/FNS_H_0000003730,"'Epigalokatehin'	'epigallocatechin'","'EPICATEGC'",
https://www.fns-cloud.eu/foodComponents/FNS_H_0000003731,"'gallocatechin'	'Galokatehin'","'GALCATEGC'",
https://www.fns-cloud.eu/foodComponents/FNS_H_0000003732,"'Skupni procianidini'	'procyanidins, total'","'PROCYA'",
https://www.fns-cloud.eu/foodComponents/FNS_H_0000003733,"'hesperetin'	'Hesperetin'","'HESPT'",
https://www.fns-cloud.eu/foodComponents/FNS_H_0000003734,"'hesperidin'	'Hesperidin'","'HESPD'",
https://www.fns-cloud.eu/foodComponents/FNS_H_0000003735,"'naringenin'	'Naringenin'","'NARING'",
https://www.fns-cloud.eu/foodComponents/FNS_H_0000003736,"'Naringin'	'naringin'","'NARIN'",
https://www.fns-cloud.eu/foodComponents/FNS_H_0000003737,"'Narirutin'	'narirutin'","'NARIR'",
https://www.fns-cloud.eu/foodComponents/FNS_H_0000003738,"'tangeretin'	'Tangeretin'","'TANGER'",
https://www.fns-cloud.eu/foodComponents/FNS_H_0000003739,"'rutin'	'Rutin'","'RUTIN'",
https://www.fns-cloud.eu/foodComponents/FNS_H_0000003740,"'Fruktooligosaharidi levanskega tipa'	'fructooligosaccharides, levan-type'","'LEVFOS'",
https://www.fns-cloud.eu/foodComponents/FNS_H_0000003741,"'carotenoids, provitamin A, excluding beta-carotene'	'Karotenoidi (provitamin A brez beta-karotena)'","'CAROTPAXB'",
https://www.fns-cloud.eu/foodComponents/FNS_H_0000003742,"'25-hydroxyergocalciferol'	'25-hidroksiergokalciferol'","'ERGSTROH'",
https://www.fns-cloud.eu/foodComponents/FNS_H_0000003743,"'10-formyldihydrofolate'	'10-formildihidrofolat'","'FOLH2FM10'",
https://www.fns-cloud.eu/foodComponents/FNS_H_0000003744,"'10-formylfolic acid'	'10-formilfolna kislina'","'FOLFM10'",
https://www.fns-cloud.eu/foodComponents/FNS_H_0000003745,"'5-formyltetrahydrofolic acid'	'5-metiltetrahidrofolna kislina'","'FOLH4FM5'",
https://www.fns-cloud.eu/foodComponents/FNS_H_0000003746,"'5-methyldihydrofolic acid'	'5-metildihidrofolna kislina'","'FOLH2ME5'",
https://www.fns-cloud.eu/foodComponents/FNS_H_0000003747,"'5-methyltetrahydrofolate'	'5-metiltetrahidrofolat'","'FOLH4ME5'",
https://www.fns-cloud.eu/foodComponents/FNS_H_0000003748,"'Dihidrofolna kislina'	'dihydrofolic acid'","'FOLH2'",
https://www.fns-cloud.eu/foodComponents/FNS_H_0000003749,"'Uredi'	'folate, food'","'FOLFD'",
https://www.fns-cloud.eu/foodComponents/FNS_H_0000003750,"'tetrahydrofolate'	'Tetrahidrofolat'","'FOLH4'",
https://www.fns-cloud.eu/foodComponents/FNS_H_0000003751,"'2-(1-hydroxyethyl)thiamin'	'2-(1-hidroksimetil) tiamin'","'THIAHE'",
https://www.fns-cloud.eu/foodComponents/FNS_H_0000003752,"'Nikotinamid'	'nicotinamide'","'NICOTAM'",
https://www.fns-cloud.eu/foodComponents/FNS_H_0000003753,"'Nikotinska kislina'	'nicotinic acid'","'NICOTAC'",
https://www.fns-cloud.eu/foodComponents/FNS_H_0000003754,"'pyridoxal hydrochloride'	'Piridoksal hidroklorid'","'PYRXLHCL'",
https://www.fns-cloud.eu/foodComponents/FNS_H_0000003755,"'pyridoxamine hydrochloride'	'Piridoksamin hidroklorid'","'PYRXMHCL'",
https://www.fns-cloud.eu/foodComponents/FNS_H_0000003756,"'pyridoxine hydrochloride'	'Piridoksin hidroklorid'","'PYRXNHCL'",
https://www.fns-cloud.eu/foodComponents/FNS_H_0000003757,"'thiamin chloride'	'Tiamin klorid'","'THIACL'",
https://www.fns-cloud.eu/foodComponents/FNS_H_0000003758,"'Tiamin klorid hidroklorid'	'thiamin chloride hydrochloride'","'THIACLHCL'",
https://www.fns-cloud.eu/foodComponents/FNS_H_0000003759,"'Uredi'	'thiamin(1+) ion'","'THIA_1P'",
https://www.fns-cloud.eu/foodComponents/FNS_H_0000003760,"'Prosti sladkorji'	'Free sugar'","'FSUGAR'",
https://www.fns-cloud.eu/foodComponents/FNS_H_0000003761,"'Carbohydrate components'	'Carbohydrate components'","'GRP_CHO'",
https://www.fns-cloud.eu/foodComponents/FNS_H_0000003762,"'Food additives'	'Food additives'","'GRP_FADD'",
https://www.fns-cloud.eu/foodComponents/FNS_H_0000003763,"'Food properties and measures'	'Food properties and measures'","'GRP_FOOD'",
https://www.fns-cloud.eu/foodComponents/FNS_H_0000003764,"'Lipid components'	'Lipid components'","'GRP_LIPD'",
https://www.fns-cloud.eu/foodComponents/FNS_H_0000003765,"'Minerals and inorganic components'	'Minerals and inorganic components'","'GRP_MIN'",
https://www.fns-cloud.eu/foodComponents/FNS_H_0000003766,"'Nitrogen components'	'Nitrogen components'","'GRP_NITR'",
https://www.fns-cloud.eu/foodComponents/FNS_H_0000003767,"'Organic acids'	'Organic acids'","'GRP_OA'",
https://www.fns-cloud.eu/foodComponents/FNS_H_0000003768,"'Phenolic components'	'Phenolic components'","'GRP_PHNL'",
https://www.fns-cloud.eu/foodComponents/FNS_H_0000003769,"'Proximates'	'Proximates'","'GRP_PROX'",
https://www.fns-cloud.eu/foodComponents/FNS_H_0000003770,"'Vitamins'	'Vitamins'","'GRP_VIT'",
https://www.fns-cloud.eu/foodComponents/FNS_H_0000003771,"'Fibre'","'GRP_FIB'",
https://www.fns-cloud.eu/foodComponents/FNS_H_0000003772,"'Oligosaccharides'","'GRP_OLIGO'",
https://www.fns-cloud.eu/foodComponents/FNS_H_0000003773,"'Polysaccharide analogues'","'GRP_PSAN'",
https://www.fns-cloud.eu/foodComponents/FNS_H_0000003774,"'Polysaccharides'","'GRP_PSAC'",
https://www.fns-cloud.eu/foodComponents/FNS_H_0000003775,"'Starch'","'GRP_STAR'",
https://www.fns-cloud.eu/foodComponents/FNS_H_0000003776,"'Sugar alcohols'","'GRP_SUGOH'",
https://www.fns-cloud.eu/foodComponents/FNS_H_0000003777,"'Sugars'","'GRP_SUGAR'",
https://www.fns-cloud.eu/foodComponents/FNS_H_0000003778,"'Disaccharides'","'GRP_DISAC'",
https://www.fns-cloud.eu/foodComponents/FNS_H_0000003779,"'Monosaccharides'","'GRP_MNSAC'",
https://www.fns-cloud.eu/foodComponents/FNS_H_0000003780,"'Sugars in fibre'","'GRP_SUGFB'",
https://www.fns-cloud.eu/foodComponents/FNS_H_0000003781,"'Carotenoids'","'GRP_CART'",
https://www.fns-cloud.eu/foodComponents/FNS_H_0000003782,"'Fats'","'GRP_FAT'",
https://www.fns-cloud.eu/foodComponents/FNS_H_0000003783,"'fat expressed as triacyl glycerol (TAG)'","'GRP_FATTAG'",
https://www.fns-cloud.eu/foodComponents/FNS_H_0000003784,"'Fatty acids'","'GRP_FA'",
https://www.fns-cloud.eu/foodComponents/FNS_H_0000003785,"'Fatty acids, general'","'GRP_FAGEN'",
https://www.fns-cloud.eu/foodComponents/FNS_H_0000003786,"'Monounsaturated fatty acids'","'GRP_FAMS'",
https://www.fns-cloud.eu/foodComponents/FNS_H_0000003787,"'Polyunsaturated fatty acids'","'GRP_FAPU'",
https://www.fns-cloud.eu/foodComponents/FNS_H_0000003788,"'Saturated fatty acids'","'GRP_FASAT'",
https://www.fns-cloud.eu/foodComponents/FNS_H_0000003789,"'Phospho- and glycolipids'","'GRP_PGLIP'",
https://www.fns-cloud.eu/foodComponents/FNS_H_0000003791,"'Sterols'","'GRP_STERL'",
https://www.fns-cloud.eu/foodComponents/FNS_H_0000003792,"'Macroelements'","'GRP_MINMAC'",
https://www.fns-cloud.eu/foodComponents/FNS_H_0000003793,"'Trace elements'","'GRP_MINTR'",
https://www.fns-cloud.eu/foodComponents/FNS_H_0000003794,"'Amines and related components'","'GRP_AM'",
https://www.fns-cloud.eu/foodComponents/FNS_H_0000003795,"'Amino acids'","'GRP_AA'",
https://www.fns-cloud.eu/foodComponents/FNS_H_0000003796,"'Nitrogen heterocycle components'","'GRP_NHET'",
https://www.fns-cloud.eu/foodComponents/FNS_H_0000003797,"'Proteins'","'GRP_PROT'",
https://www.fns-cloud.eu/foodComponents/FNS_H_0000003798,"'Capsaicinoids'","'GRP_CAPSA'",
https://www.fns-cloud.eu/foodComponents/FNS_H_0000003799,"'Flavonoids'","'GRP_FLAV'",
https://www.fns-cloud.eu/foodComponents/FNS_H_0000003800,"'Anthocyanidins and anthocyanins'","'GRP_ANTCYN'",
https://www.fns-cloud.eu/foodComponents/FNS_H_0000003801,"'Flavanols'","'GRP_FLAVANOL'",
https://www.fns-cloud.eu/foodComponents/FNS_H_0000003802,"'Flavanones'","'GRP_FLAVANE'",
https://www.fns-cloud.eu/foodComponents/FNS_H_0000003803,"'Flavones'","'GRP_FLAVONE'",
https://www.fns-cloud.eu/foodComponents/FNS_H_0000003804,"'Flavonols'","'GRP_FLAVONOL'",
https://www.fns-cloud.eu/foodComponents/FNS_H_0000003805,"'Phytoestrogens'","'GRP_PHYTG'",
https://www.fns-cloud.eu/foodComponents/FNS_H_0000003806,"'Isoflavonoids'","'GRP_ISOFLAV'",
https://www.fns-cloud.eu/foodComponents/FNS_H_0000003807,"'Lignans'","'GRP_LIGN'",
https://www.fns-cloud.eu/foodComponents/FNS_H_0000003808,"'Fat soluble vitamins'","'GRP_VITFAT'",
https://www.fns-cloud.eu/foodComponents/FNS_H_0000003809,"'Vitamin A and related components'","'GRP_VITA'",
https://www.fns-cloud.eu/foodComponents/FNS_H_0000003811,"'Retinoids'","'GRP_RET'",
https://www.fns-cloud.eu/foodComponents/FNS_H_0000003812,"'Vitamin D components'","'GRP_VITD'",
https://www.fns-cloud.eu/foodComponents/FNS_H_0000003813,"'Vitamin E components'","'GRP_VITE'",
https://www.fns-cloud.eu/foodComponents/FNS_H_0000003814,"'Vitamin K components'","'GRP_VITK'",
https://www.fns-cloud.eu/foodComponents/FNS_H_0000003815,"'Water soluble vitamins'","'GRP_VITH2O'",
https://www.fns-cloud.eu/foodComponents/FNS_H_0000003816,"'Folate components'","'GRP_FOL'",
https://www.fns-cloud.eu/foodComponents/FNS_H_0000003817,"'Vitamin B components'","'GRP_VITB'",
https://www.fns-cloud.eu/foodComponents/FNS_H_0000003818,"'Vitamin C components'","'GRP_VITC'",
https://www.fns-cloud.eu/foodComponents/FNS_H_0000003819,"'oxygen radical absorbance capacity'","'TOTAL-ORAC'",
https://www.fns-cloud.eu/foodComponents/FNS_H_0000003820,"'amino acids, total aromatic'","'AAA'",
https://www.fns-cloud.eu/foodComponents/FNS_H_0000003821,"'amino acids, total essential eight essential amino acids'","'AAE8'",
https://www.fns-cloud.eu/foodComponents/FNS_H_0000003822,"'amino acids, total essential eight essential amino acids + CYS and TYR'","'AE10B'",
https://www.fns-cloud.eu/foodComponents/FNS_H_0000003823,"'amino acids, total essential eight essential amino acids + HIS'","'AAE9'",
https://www.fns-cloud.eu/foodComponents/FNS_H_0000003824,"'amino acids, total essential eight essential amino acids + HIS and ARG'","'AAE10A'",
https://www.fns-cloud.eu/foodComponents/FNS_H_0000003825,"'amino acids, total essential unknown which aa are included'","'AAE-'",
https://www.fns-cloud.eu/foodComponents/FNS_H_0000003826,"'amino acids, total sulphur-containing'","'AAS'",
https://www.fns-cloud.eu/foodComponents/FNS_H_0000003827,"'amino acids, total precise definition not specified'	'amino acids, total; precise definition not specified'","'AAT-'",
https://www.fns-cloud.eu/foodComponents/FNS_H_0000003828,"'fat, monounsaturated cis, total'","'FATMUCIS'",
https://www.fns-cloud.eu/foodComponents/FNS_H_0000003829,"'fat, monounsaturated, total'","'FATMU'",
https://www.fns-cloud.eu/foodComponents/FNS_H_0000003830,"'fat, polyunsaturated, total'","'FATPU'",
https://www.fns-cloud.eu/foodComponents/FNS_H_0000003831,"'fat, saturated, total'","'FATSAT'",
https://www.fns-cloud.eu/foodComponents/FNS_H_0000003832,"'fat, trans, total'","'FATTRN'",
https://www.fns-cloud.eu/foodComponents/FNS_H_0000003833,"'fat, unsaturated, total'","'FATUNSAT'",
https://www.fns-cloud.eu/foodComponents/FNS_H_0000003834,"'fatty acids, total C12 and above'","'F12:A'",
https://www.fns-cloud.eu/foodComponents/FNS_H_0000003835,"'fatty acid 15:0 + 17:0'","'F15+17'",
https://www.fns-cloud.eu/foodComponents/FNS_H_0000003836,"'fatty acids 12:0 - 16:0'","'F12-16:0'",
https://www.fns-cloud.eu/foodComponents/FNS_H_0000003837,"'fatty acids 4:0 - 10:0'","'F4-10:0'",
https://www.fns-cloud.eu/foodComponents/FNS_H_0000003838,"'fatty acids 4:0 - 8:0'","'F4-8:0'",
https://www.fns-cloud.eu/foodComponents/FNS_H_0000003853,"'food component'",,
